F1,F2,F3,F4,Label
-1.707003004151081,0.01943155787186626,-1.9898895046948442,-1.7894791802754142,0
-1.4266828135942113,0.006318522323094755,-1.5914413231764364,-1.528047075881549,0
-0.45989354564539275,-0.017191999121368776,-0.3741022058564173,-0.5554216166055244,0
-0.41257003514402996,-0.011176234119777554,-0.36628320973926454,-0.48438701143923446,0
0.5000507382681425,-0.2647470164244394,2.4542336466480963,-0.3225608592758882,1
1.1187134752929753,0.1618959205373528,0.04264126325643036,1.7435811270065225,0
-2.2413177608946553,0.03597469479621898,-2.6883164011130987,-2.315416864427805,0
-0.30106420022349095,-0.0039417657697352095,-0.29772666591533536,-0.33969728698003965,0
0.5467774003171783,0.1860060521929866,-0.7512091368761726,1.20153878385879,0
0.2977248657433012,0.19639548928994222,-1.096104827716949,0.9651458873008569,0
0.264373416244544,0.20071386508235628,-1.1634351629573154,0.9430575177557894,0
1.6048603550959797,0.10989535755056731,0.9450097917451727,2.1013316601307443,0
0.5721213118607005,0.16908554383434282,-0.6015218325270004,1.1737421737914822,0
1.3200594663899377,0.12124127882224729,0.5544717811540938,1.8292594772221715,0
-0.240190096972131,-0.009881848187381977,-0.18886117040020134,-0.29303325056106455,0
0.8195021787605804,-0.03297191094107754,1.1261003300909171,0.7818151367881133,1
-1.1218264811236416,0.013848628835327616,-1.315526738852368,-1.172504122773927,0
0.577952185201955,0.18816521769057065,-0.7330285225264677,1.2424374694635925,0
-0.6991789800445956,-0.007193477951666759,-0.7055914970285402,-0.7824898648295655,0
-0.2702648547932504,-0.010850060759280926,-0.21445291102545638,-0.3288449607311722,0
-0.11823973598917746,0.21602737030207433,-1.688612264066313,0.5777764810080719,0
0.3160442018602048,-0.022718173219797803,0.5065387477490542,0.2688151102059164,0
0.6842694266846573,-0.26254750732768317,2.63794460168335,-0.11539725800093059,1
-1.5779546320445454,0.019253772909120302,-1.8487824394675063,-1.6499750203274475,0
-0.09401411133094936,-0.01904477227541868,0.03570878582719428,-0.1643063575233198,0
0.7715949457007344,-0.12130519522413259,1.7122796907277098,0.4410755907310888,1
-0.1805925184841375,0.21886866578172173,-1.776695423993969,0.5193782950969935,0
-0.019484615675990805,0.2188806414992883,-1.602222889772161,0.6943041607025733,0
-0.983857392502472,-0.004829490511551158,-1.0311146920601986,-1.083788345952154,0
0.10639539924017634,0.22650742761550788,-1.5209260002562743,0.8558797918228491,0
0.2992091563319044,0.18260060367572714,-0.9948475434697207,0.9216657764844286,0
0.28436609548484343,0.2014782127808213,-1.1472946255053775,0.9672585023844397,0
0.34880251778407745,0.18540708850068705,-0.9613865495643731,0.9846741876199212,0
0.44683318502006447,-0.03554375215462324,0.7408946594491148,0.3688669004410239,0
-0.4746022175960387,0.23452426776464527,-2.208342615728519,0.25139676897816066,0
0.5666636867706031,0.17016901767036885,-0.6152617305904837,1.1713593343251099,0
0.21725196507258743,-0.07947399533574624,0.8094809233146487,-0.023944141617120662,1
-0.07831511200475318,0.21290557710038918,-1.6228036130085353,0.6109114682176788,0
0.06567469511278339,0.20428146422222146,-1.4044945322505278,0.739026421272239,0
-0.6162797284025505,0.23600208329717498,-2.3725241774530046,0.10243276843483717,0
-0.5822390959235783,-0.01414964437765963,-0.5286393959198905,-0.6782862732724784,0
1.3607291570029818,0.22556705509678948,-0.15507314554467988,2.214417149571287,1
0.1691177161845013,0.1963536851493909,-1.2351476029307344,0.8254029146801628,0
0.614355896186017,0.17208655054694294,-0.5774391640378937,1.2293982791870475,0
-0.4766975807939731,-0.015865481131237882,-0.40189150231148596,-0.5693268338992357,0
0.9656884797928803,0.15663197395357328,-0.08513524638969183,1.5602623441431058,0
0.00921295757646236,-0.03194893503995808,0.24076925792252646,-0.094430592254098,0
1.0671110573354352,0.14319142121650508,0.12184475418722718,1.6264259901692015,0
0.5331494995404231,0.1760944423036737,-0.6943771074969269,1.1543472697748405,0
0.1994067264481986,0.20281300283319384,-1.248989400764803,0.8793959779288125,0
0.5815580516429854,-0.166178954366133,1.830527499952281,0.08810684798633084,1
-0.01947175897453826,0.20078098895718502,-1.4714638735502528,0.6351557783272456,0
-0.5683941649628006,-0.012102862352767385,-0.5284237149280748,-0.6565669321579763,0
0.46897015802540354,0.18448839178686374,-0.824549613800724,1.1121162691408322,0
-0.7021769259633941,-0.011632791488371551,-0.6767718137311274,-0.8002549965044649,0
0.7072708966767144,0.08921310489057957,0.12188006698985088,1.0593714203200655,1
0.020889290895779115,0.18679200482975486,-1.3266818566126464,0.6332429273080946,0
1.7332857092652185,0.11439638249149384,1.0516438584115342,2.255453145349538,0
-0.4439751499238797,-0.0042319013826993025,-0.4504736337079205,-0.49577911910930816,0
-1.250190149979914,0.006890054519033149,-1.404341557140428,-1.3345916392576316,0
0.6190954760642602,0.16905708856153048,-0.5504201749820434,1.2246408104023283,0
-1.226072015945655,0.010638848444728318,-1.4052896421681107,-1.2961571085589252,0
0.08007364618320233,0.21640649637914955,-1.476480065605366,0.7942899439369664,0
-0.4420303038424895,-0.02123469874699451,-0.32554459291033955,-0.5492449871554009,0
-1.3725710515012346,0.015181265543590264,-1.5968328146421489,-1.4403377327995073,0
-1.2845193905972359,0.00805192938129414,-1.44992994458645,-1.3680590812528592,0
-0.9939460046131062,0.0038247538714543286,-1.1045606256602039,-1.0664516599326497,0
1.2423950456715713,0.14994121988481668,0.2630054563258397,1.8387642801945203,0
-0.5962456779513843,-0.020836076940629524,-0.4955151330790949,-0.7153467175644707,0
-1.168511197992492,0.01017689852818827,-1.339586032985237,-1.235183354453127,0
-1.8753583901433764,0.01739129483566658,-2.157563040166232,-1.978902236210593,0
-0.06162159628876685,-0.011106562707557532,0.01346315849027846,-0.1031958321495724,0
-0.38510035845039337,-0.011037289597923309,-0.3375237316946711,-0.45411381167720677,0
-0.3820616198919239,-0.016715208865411363,-0.29321612992142176,-0.469374599875076,0
-0.48628260632456893,-0.017806379088808784,-0.39825647870387304,-0.5860758361928606,1
-0.22307745965189565,0.21292910237128235,-1.779822323044606,0.4538451599995287,0
-1.3173576449492306,-0.0008262206121888816,-1.4213774957000374,-1.4327258514660584,0
-1.0941840075155718,0.015050231066690681,-1.2942562766489596,-1.1385698380596743,0
-0.05384718790589401,0.1976672939030867,-1.4862171958020967,0.5876626413220665,0
1.1271263549509576,0.1424563872749794,0.1921804275474357,1.689171514472635,0
-0.1726151183061126,-0.016308697426945545,-0.06921911283089965,-0.24068633850869725,0
0.7738628692823702,0.16383575640673462,-0.34501408015952795,1.375577777090687,0
0.9301061718914141,0.16819058795196343,-0.20718345684425854,1.5594184895177245,0
-0.5710699000336724,-0.056724073234935155,-0.20899599733439733,-0.8053248733657004,1
-1.1650337371856774,-0.5032965267506647,2.3733207698295216,-2.9097991920842667,1
-0.07109668035853862,0.22438748877735126,-1.6979235174909317,0.6562781865963627,0
0.033903176765854144,-0.013185170007930232,0.13197851532355864,-0.006295608894209548,0
-0.8971970483447788,0.008153716479598094,-1.031004753067235,-0.9472781293920292,0
0.8204086643003143,0.17318649134826533,-0.36212830134570406,1.4566691693970628,0
0.2479182948750005,0.20151547336605108,-1.1870546639010098,0.9278152827468398,0
-0.09245411445552121,0.20943061894983114,-1.6130213104945024,0.584204625383373,0
-0.1105610193346703,0.21721307553597285,-1.6888575287759218,0.589987637958309,0
0.9072223913150262,0.16612140158234293,-0.217030813945582,1.5278140144752617,0
-0.1707385182344752,0.21318466078889117,-1.7249595831569646,0.5114957541579386,0
0.2562172000817639,0.18920148757667316,-1.0891112663275695,0.8965732268032965,0
-0.5176583786129105,-0.005665720986202536,-0.5199514114142855,-0.5804508618613444,0
1.0961884915847724,0.1550713541740858,0.06753373698156273,1.6968222233399455,0
-0.9333391645983128,0.0067827221828758,-1.0602608811750573,-0.9909926839705603,0
0.644912557058163,0.15931678328473137,-0.4520872834999685,1.2208277693456644,0
-0.7568037606158616,0.0008074649145500682,-0.8258232602378056,-0.8188903439000539,0
0.3027948212753577,0.19796565401280483,-1.1019538537380325,0.9757818506159437,0
-2.0322937006302424,0.025037455896811858,-2.3828341074072847,-2.1242664933245132,0
-1.4241538653680708,0.019476393146842914,-1.6837487419195272,-1.4822927027970492,0
-0.0952442449505474,-0.02071339960403953,0.046429483079543754,-0.17109594136579598,0
0.9189590095827782,0.17614596017527476,-0.27672793081224145,1.5733216888127628,0
0.10851651011981611,0.20273474863315352,-1.3469028981171123,0.7804765500064993,0
-1.6591481185305823,0.02798215443686249,-1.9998054384975115,-1.7095821493748997,0
-1.2858155978111396,0.01193318611192413,-1.4793711136898722,-1.3567794822905608,0
-2.3986221711834492,0.03913660117935202,-2.8815948147392474,-2.475839473104603,0
-1.2444661248488826,0.009269346445615886,-1.415326735073951,-1.3206008724928373,0
0.8821111397087076,0.14981539208499603,-0.1264501584728186,1.4472556558446585,0
-1.7117808883015144,0.02388183105346494,-2.027213402085669,-1.7801190858497251,0
-1.5611634916355748,0.027940605559541955,-1.8933397952460542,-1.6033531589353254,0
1.5105107881340833,0.33357347599849435,-0.772983805991464,2.7300495287374003,1
-0.30389238258329254,-0.016226049336832592,-0.21205393076125434,-0.3829209914395044,0
-0.6902558981660998,0.24938939881370026,-2.549381662992671,0.06588887866496196,0
-0.08584825888930188,-0.019267919817703733,0.04616835145044251,-0.15617151971407184,0
0.8609458040399858,0.17010950450489404,-0.29597965896642475,1.4906155165709267,0
-0.8022701321040094,-0.007323729677720983,-0.8163489938824231,-0.8948236827126955,0
-1.994644713273854,0.016435505758648307,-2.279904495624656,-2.111514757781431,0
0.646211355405381,0.17712639525305593,-0.5793299885582537,1.2804519308980291,0
-0.5710717217452932,0.23309842622698249,-2.3025667596238386,0.14201602335749663,0
0.4828949349932767,-0.21560505540507718,2.0806624263557216,-0.1805535795864479,1
-0.6169568268892948,-0.003188956770777247,-0.6454316491338914,-0.6801460498150391,0
1.2973280317824551,0.13687025708324135,0.41694460126761634,1.8556703726161974,0
-0.16178172350220907,0.2074705824020903,-1.6739786179732956,0.5025409729309281,0
-0.5828015911467649,-0.006800924685440986,-0.5823332432973984,-0.6548761142852871,0
0.1272477540219643,-0.031745232563820065,0.3671874857500048,0.03436501965733485,0
-1.5976316404633746,0.01396732020187548,-1.8319149635976815,-1.6886147419997308,1
0.37796097806297374,0.1868405676603463,-0.9401485204629451,1.0210120505425357,0
0.7227417138702693,0.174974771289123,-0.48086747343610603,1.3564945650798115,0
0.8684220830551477,0.1711010222991862,-0.2950415260699131,1.5019721817909115,0
0.7231038064681576,0.16367176106228293,-0.39882645223995916,1.3199414735237667,0
-0.6636593519719188,-0.022079880974082356,-0.5595725026801666,-0.792591595539789,0
-0.30316600850782477,-0.01259341653036924,-0.23750768447421433,-0.37025850619601974,0
-1.2401654759919891,0.01542802447333456,-1.4551549935728392,-1.29580153656199,0
0.02898451635268389,0.22011145979069288,-1.558597966157329,0.7509418106637425,0
0.24066203960354465,0.19171118574534293,-1.1240942665389089,0.887891156021546,0
0.6357463460657322,0.17122565449870128,-0.5480440041093597,1.2498041447188184,0
-1.2202215984032507,-0.0007264178962634056,-1.3168523528126093,-1.326955980561852,0
-1.9496103723560037,0.016142966972481833,-2.2289969800811464,-2.063585058462068,0
-1.5251427770348136,0.012716610849007168,-1.7443392424564093,-1.6140144335246949,0
0.6453865407789053,0.1737618414035727,-0.5559193959562134,1.2685588556877319,0
1.3609044182779826,0.14023224340297963,0.46154334988854706,1.9356734804701285,0
0.005751688147268352,0.20091464997429176,-1.4451000000880716,0.6629733686424686,0
-1.5838753914970067,0.004901958570548315,-1.751525420203381,-1.7033139341050585,0
-0.25712298539761913,0.22032577413928178,-1.8701411369552634,0.4410653798606231,0
1.1362274434468906,0.128086059650705,0.305847224303887,1.652078683810485,1
-0.8978597984267869,-0.012393653182691403,-0.8832963626974483,-1.0151607536349687,0
-0.4587164505000893,-0.012785392779285124,-0.40465850099976763,-0.5397399747091225,0
-1.1511445757229728,-0.3270563831149557,1.115277011218479,-2.3186459543187725,1
-0.8208726714369275,0.24448252221286457,-2.655458393788477,-0.09193805506889108,0
-1.1333201541744446,0.008137046476162507,-1.2867217119246823,-1.2036502474470399,0
-1.3358748938304295,0.009519662465445238,-1.5161755475701275,-1.419009204933865,0
0.46955567343941707,-0.040377144957089696,0.8004288950499889,0.3777338265374426,0
-1.2215632106021408,0.014197228731172072,-1.426108791483383,-1.2796314073319168,0
-1.175563753834588,0.012060931155455815,-1.360836960720591,-1.23668074504643,0
-0.5433154521448429,-0.002891223772513353,-0.5677925572523239,-0.5992332671448237,0
-1.3193135755740422,0.00018580981611157892,-1.430807257274902,-1.43154103973287,0
-0.9217562589112017,-0.002889106985288526,-0.9778452432293605,-1.0100334559922262,0
0.21843750876554402,0.217254224903511,-1.3326876696138221,0.9472584015900292,0
1.0193126254212757,0.1501272135839787,0.019954002965221873,1.5972106044579264,0
0.06014421247330436,0.20945133903854823,-1.4478319954052978,0.7499217129602183,0
-0.05943477147334412,-0.02218633663562674,0.09586868641768209,-0.13703843799211401,0
-1.0535192878613069,-0.00815972638117481,-1.082536391087258,-1.1702936455427162,0
0.01820979831872308,0.2073933329278089,-1.4784013139306698,0.6976738362050525,0
-0.27360058208106497,0.21745245375540476,-1.8672386864640829,0.41378650710115883,0
0.5852695918798569,-0.03873483855468049,0.9139405373249303,0.5087124314274925,0
-0.5766073060773769,0.23540112628083007,-2.3251983577391844,0.14353384218752008,0
-0.43503174587997995,0.254280418646637,-2.308179353617553,0.35892845627652903,0
1.102260920621863,0.02496150988826774,1.0139777675151236,1.2781239197443144,1
0.5084543150297405,-0.11090092837985371,1.3520125430795098,0.18943818202638785,1
0.17411396747347133,0.2102657343214356,-1.3302296206759305,0.8763007908577494,0
-0.9823553122251284,0.007311304325745455,-1.1171877388957503,-1.042473180631539,0
-0.5061407419204611,-0.019153192866493016,-0.4100437232609899,-0.6120346772924721,0
-0.25916247586962615,-0.017601884539303142,-0.1536509410007333,-0.3388627344398293,0
-0.2913165056989075,-0.018355181846009025,-0.18304802224709682,-0.3762290536080487,0
-0.4097608186292745,0.24012136342396004,-2.1785188265208655,0.34007898244044366,0
0.2721245801889223,0.1867107429822475,-1.0538835526397377,0.9056995944912242,0
-0.7721752145277757,-0.005329938399779153,-0.7981438053795274,-0.8556377792513427,0
-0.33741916031017316,-0.010256063077003873,-0.291504845802555,-0.39980106469431664,0
0.06926508409206689,0.1976937750029804,-1.353017385800275,0.7213906983560617,0
-1.3558270583082699,0.014241717379315304,-1.5719038976908175,-1.4252328042100908,0
-0.4456485754710837,0.22382465855500164,-2.0996816359432215,0.24785286769885262,0
-0.7089112268568681,-0.006195660289733888,-0.723344163365431,-0.7897928991060639,0
-1.1435734440373628,-0.0006830637929514182,-1.2341179032738172,-1.2436107505971505,0
0.7001650477835475,-0.1280478745364815,1.6835925846206168,0.3414968247485428,1
-2.3123975283619127,0.035995611436357336,-2.765481818502669,-2.392507387184545,0
1.0827668193103006,0.1546408223698741,0.056101469149078875,1.6808453777681103,0
0.21305517035793253,0.19247334875159716,-1.1595116535929084,0.8604144806552485,0
0.5959179893349527,0.19550191814025075,-0.7665602926639258,1.2859212807123308,0
-1.3542562247942933,0.01274132282198918,-1.5593636266735422,-1.4284319645853178,0
0.36491905070044955,0.19701405548354184,-1.0277687895281173,1.0401087892442638,0
-0.6931536497030545,-0.01583566299515982,-0.6366352067983363,-0.8041979280491683,0
0.7271386028876403,0.18289506182697196,-0.5333166831023853,1.3871565553881555,0
0.40633833732706626,0.18410727887469272,-0.8896576423663518,1.0428820930811549,0
0.12320226190262915,0.2155297162633614,-1.423417047362081,0.8382412203730405,0
-2.8758617571175527,0.05220173763501967,-3.4930574811035093,-2.951189150631735,0
-1.998095638772285,0.012052116356650674,-2.2519795867753114,-2.12958881106285,0
-2.121894951432455,0.036586767731835085,-2.563344187676597,-2.183779688511894,0
-1.6369908764970378,0.028764715778627443,-1.981451184183412,-1.6829719419148819,0
0.1490741742972967,0.2171119148315528,-1.4068142580396232,0.8714975712570354,0
-1.2018821579556282,0.013390456282835772,-1.3989567174568656,-1.260904222090666,0
-0.19505266299619903,-0.017304436644886213,-0.08633715584763701,-0.2682976361974919,0
-1.3511165533035268,0.006829922897125486,-1.5132600884258878,-1.4443463658028763,0
-1.2106711081572612,0.0117271062116891,-1.3964640545998286,-1.2758818435510801,0
-1.6675693827298683,0.01356451647728966,-1.9047822097629492,-1.7658505822529311,0
-0.19785255669106286,0.21916510344523993,-1.7975378828236466,0.5016110510878866,0
1.1022707970046524,0.16182726081510182,0.025321733216532305,1.7255077540363195,0
1.0308126955260535,0.13421423900397744,0.1473635775983657,1.5576794787872665,1
0.29893034351653786,0.2063277487925808,-1.1665456117992186,0.9989200430859841,0
-0.4281289190969296,-0.013123193598147972,-0.369077024770729,-0.5076406020783963,0
-0.862361525803763,-0.007154890535644532,-0.8826771383105786,-0.9595025323265642,0
0.001999301204321341,0.20918965344542603,-1.5089411938287112,0.6859485631585348,0
0.1130760748727291,0.005974355016567642,0.07936047048544859,0.14227532705221413,1
-0.8497573325487925,-0.005261290231460218,-0.8826992589016384,-0.9396307486335639,0
-0.19394303687519904,0.21920595850732866,-1.793597072968296,0.5059884770996014,0
-0.2233461837278559,-0.08987305865093577,0.4072155010918417,-0.536216043935966,1
0.09527479691437821,-0.12364054402884968,0.9963622441989476,-0.3007206642423358,1
0.12635588823184418,0.20631827693139412,-1.3534601450117658,0.8115551278772124,0
0.0430999996029334,-0.023061237832090693,0.2132841960725833,-0.02859412939949435,0
0.3195869548869493,0.1904819302356535,-1.0297001124565508,0.9695480884405616,0
-0.24347949055589982,-0.01927077619739154,-0.12460311383094369,-0.3272935621075066,0
0.7253049103290511,0.025294468296846253,0.6031439703819854,0.870016937270092,1
0.9295237826064732,0.1729161535921327,-0.24195018047042616,1.5742327487098549,0
0.7250595892317659,0.17011848556476356,-0.4432760926590925,1.34313693533356,0
0.09949561678531763,0.19818855089369936,-1.3238369358115762,0.7558239835119643,0
0.22024169184341633,0.20110838445459484,-1.2141013706007426,0.8964409755578395,0
0.1677588321076314,-0.019718720288090578,0.3242058904926226,0.11765188747516464,0
0.34730722809686676,0.18834849181649566,-0.9842542750673301,0.9926655784160046,0
-0.7045334020921724,0.24759171675633332,-2.551865437638746,0.04451420173367748,0
-0.9610457255325349,-0.008129079547606026,-0.9825634540922881,-1.0698110695309482,0
0.46432543515163477,0.021665941624099797,0.3465860416056856,0.5748565221758315,1
-0.7153728019414843,-0.3189271361704435,1.5287093973730714,-1.8190325539919856,1
1.6188875427938154,0.13424176930985554,0.7843388038489876,2.1961396506803053,0
0.17998485322668162,0.18355297552416713,-1.1309056379840554,0.7953577853058282,0
-0.7076407098561366,-0.016064268265292243,-0.6506804547107384,-0.8206712419127747,0
1.127325097168038,0.09393723253566626,0.5428798979740146,1.5307926813409365,1
1.5749655628844659,0.11266997342322238,0.8925762566162128,2.077949491444807,0
-0.9020088490776166,-0.015292086548477728,-0.8668546307058795,-1.0291387633459337,0
-0.664868638967484,-0.0031387538905145356,-0.6977063367163909,-0.7319914405999333,0
0.958561242757921,0.09484493784105051,0.3534687753221849,1.3505622473959318,1
-0.05329048700719206,0.2014614592402985,-1.5130216392390157,0.6006689434449501,0
0.5880328854894238,0.18242992949159484,-0.6806766035235754,1.23463338774531,0
0.17909041093298841,0.20710043372848758,-1.301972744907007,0.8713564278173679,0
1.1233794343648422,0.1536470649589025,0.10728342208042752,1.7216831078639199,0
-0.7339572640685849,-0.006525590489564998,-0.7480980399029409,-0.8180594515828857,0
-0.6749724626898168,-0.007271659581957661,-0.6787991866681999,-0.7564686277189558,0
1.3780658689427225,0.13789439358997344,0.4970253839322989,1.9466609408102866,0
-1.2929829617985165,0.016209370988864682,-1.5180264436879924,-1.3505822714033389,0
-0.17034744739003008,0.21748877774370307,-1.7556271841376432,0.525989139626039,0
0.08188753867773314,0.20260752095258294,-1.3748361172296497,0.7511542559905545,0
0.6656907754351318,0.1721737399631706,-0.522448082594906,1.2854085905633599,0
-0.6229398772521183,0.004267614364498705,-0.705777700179822,-0.6622675070737984,0
0.09428293688840733,0.0673973707362982,-0.3846985106022358,0.3226483248026293,1
-0.6376774279489351,0.24551884754756279,-2.4644539303849564,0.11031247169609515,0
1.0500844659544564,0.15075477055024802,0.04876179481827081,1.6326655145569107,0
0.1590314353182538,0.20839775158525745,-1.333077810883795,0.853822443490463,0
0.7212929473922473,0.1685971835118302,-0.436367902897698,1.3340754695564117,0
0.7072028111364853,0.16504978150656624,-0.42600934710312144,1.307184874972531,0
0.349466485369601,0.20306358669724997,-1.0882110520230968,1.0431087412331501,0
1.380402597555747,0.1462350873397729,0.43930717322300317,1.9764607467532591,0
-0.5040366732149596,0.0028939555304648332,-0.5670242949571802,-0.5376851379612907,0
1.2764867239452542,0.1799670328042856,0.08304831427088677,1.9739170448430532,1
-0.5072757855996921,-0.004994765673716286,-0.5135486891566603,-0.5669871416392296,0
-1.3447048850610532,0.013211078368943696,-1.5524081688012266,-1.416528252634481,0
-1.4082126527253824,-0.563499297287281,2.544720666767988,-3.3705608921948,1
-0.12571053159266538,-0.011333149672680691,-0.05433987870959345,-0.17350664412314698,0
-1.0761781952471166,0.270566200795568,-3.1204984461246656,-0.28381895931788703,0
0.3245688810720094,0.18704354300792092,-0.9994646210078816,0.9637170386887058,0
-0.8731558115757297,0.24966630217000554,-2.7495524091743153,-0.1317485088581163,0
-0.2504964180409201,0.21903832317389668,-1.8536612457838513,0.4440503957558831,0
-1.3509861103182559,0.003005559588892635,-1.4854929916446629,-1.456705463901723,0
0.1520586450165541,0.19145741132447688,-1.2182621198910357,0.7908804081955179,0
0.06236114897216932,0.2037167763972284,-1.4040056387336948,0.7335836875434311,0
-0.14981229408789673,-0.017911621244720753,-0.03293352765001878,-0.22117277110886413,0
-1.700535013449398,0.021958035043319543,-2.0011318131410682,-1.7741997155416662,0
-0.266340694350704,0.20973736469761667,-1.8036417566988967,0.3964489861575654,0
-1.6738089960936158,0.014137106341254998,-1.915678951702348,-1.770752216415842,0
0.6317871839100989,0.18032883595451668,-0.6180916834737533,1.2752619450687641,0
0.4595243008179689,0.18385294223617152,-0.8301938710568599,1.0997854571207932,0
1.67424823586952,0.41707657031372475,-1.1987706376794898,3.180737271747442,1
1.2857442275244433,0.1254785194323041,0.486683278390585,1.805859683249409,0
0.8031928950200522,0.17031033839389575,-0.3600051931598124,1.4285797327106096,0
-0.5616191095060331,-0.003935657552696584,-0.5800798172983883,-0.6225162930664182,0
-2.016605396255442,-0.8255599168996275,3.778559708620231,-4.887584279073824,1
-1.355647637388797,0.01379586593819884,-1.5684888334408211,-1.4264953929584245,0
0.05378410652097332,0.21082716609437557,-1.4646615735673656,0.7475148226356618,0
-1.8242358599130912,0.020762409070439733,-2.1265238755027176,-1.9123882692374736,0
-0.8110843345053377,-0.006625938353308135,-0.8309396894300992,-0.9021108526253233,0
-0.42525883503261563,0.22061106614087445,-2.054375742040854,0.2594821785331203,0
-0.6720290976462303,0.24717886804479322,-2.513665036356656,0.07844897112263016,0
1.6402095627184132,0.12981535392049723,0.8394157919034517,2.2048166198231955,0
0.6168293867703688,0.166995313128747,-0.5379819727753716,1.2154415870591797,0
-0.38449965858606444,-0.0115745097779147,-0.3329922018682694,-0.4552177484494885,0
-0.9304794800923315,0.004266887098351824,-1.0389889904183236,-0.9961119345550362,0
-0.21721784266081892,0.2153375967677681,-1.7908715360161511,0.4680785692928313,0
0.46689912533436617,0.17850591174255456,-0.7835783731486048,1.0903131765804595,0
0.4260171776781236,0.18881272221315093,-0.9023261400812227,1.0796246578978264,0
0.2670106516685219,-0.025278310391354666,0.4719047817394264,0.20721962504705593,1
-0.5482886420888314,-0.008640929666976245,-0.531647252253928,-0.6234258561968893,0
0.950716070612237,0.15702353413368136,-0.10418620793022793,1.545289306539925,0
0.3035492285428295,-0.01850996639108787,0.46260204622537726,0.26900686598354673,0
-1.1414290579229636,0.009467792950366654,-1.305120452448257,-1.2081028571062025,0
0.7730104368547422,0.15616041992608412,-0.29049393795565825,1.3495640658244272,0
-0.9832812647692253,-0.001431043522631997,-1.0550395660941754,-1.0720544401679153,0
-0.48917641875986717,-0.0060113577004238875,-0.48659470048727327,-0.5506627538220039,0
-1.228773182299801,0.0010506179810194644,-1.338954560393612,-1.330430344485588,0
0.7810768338671024,0.17993345517616033,-0.4534815354932009,1.436027270748566,0
0.16226347107669833,0.220486903922698,-1.4169034196646835,0.8968467155741952,0
-1.4442235609042666,0.003945665631727061,-1.5933059489305865,-1.5548441598567933,0
0.08994572754161109,0.2006872652621299,-1.3522339328773578,0.7536248844362654,0
-1.4549428271366478,0.01260298181033063,-1.6674573804038175,-1.5381820241257922,0
-1.913252664191431,0.025222917204877363,-2.255193859765075,-1.9944382072527482,0
-1.7630476002825308,0.015717313296484875,-2.023783041301135,-1.86245776503027,0
0.21980731598677086,-0.03779218697719416,0.5111559093863558,0.11507509378942293,0
0.19024902285595052,0.18716787144812727,-1.1458971467715595,0.8183158133270267,0
-0.3204331847451108,0.22339391109169812,-1.9609002674257665,0.38236937041513674,0
-1.1106530316368637,0.004297960501178083,-1.2344299635360476,-1.191593331453568,0
0.6906629358324228,0.18225440389756514,-0.5682098860422301,1.3454671736032005,0
0.4357217569208064,0.17808465877025917,-0.8143158135110193,1.0550924015821832,0
-0.7485834775218845,0.013182181265097327,-0.906306952544699,-0.7695177794752538,0
1.4954398952805084,0.13843025252601385,0.6203282995637216,2.0758249898874865,0
0.40535103405835315,0.18564014059377953,-0.9018001938981882,1.046820815778567,0
-1.1805972640388402,0.005271302843233424,-1.317245003584085,-1.264338007932106,0
-1.722974583440648,0.009026144725898173,-1.93202978194911,-1.8408289117382348,0
-0.688059504676268,-0.014591453353584203,-0.6401034467307074,-0.7946011558763555,0
1.1301760411038153,0.16143936518736737,0.05835884003538072,1.7545316907556296,0
0.404251804251934,0.1745511538276476,-0.8228885281233128,1.0093810001735317,0
0.3142883659488241,0.19856713253811703,-1.093845550612902,0.9902244382919109,0
-0.24222852981564458,-0.03211933984942241,-0.030434514611128005,-0.3679337155736436,0
-2.543308205304034,0.036560549035602484,-3.0197524696862823,-2.641320180376662,0
0.7293291235443176,0.17485603581194445,-0.47287237063389287,1.3632572549155348,0
1.0185814430660685,-0.04258865476799905,1.411268761951734,0.966486481847636,0
-0.911448777184403,-0.0003877065972905817,-0.9847463505516759,-0.9906680947173343,0
0.6771788692586495,0.17189906176776543,-0.5080166586263213,1.2969813675178894,0
0.49575123886958206,0.01648693196368989,0.4180468515623169,0.59204140018228,1
0.5449019070484765,0.18075038117012301,-0.7152762260782155,1.1823236751325468,0
-1.923703819765583,0.02359385192002969,-2.254749842698567,-2.0111081281750995,0
-0.28302846414812405,-0.0676001311248156,0.1816590021184442,-0.5281991516351964,1
-0.31433492779775973,-0.019577728040044998,-0.19915707265932558,-0.40521227249584846,0
-1.102629891177302,0.2690191903400513,-3.1379836116745428,-0.31758966056352844,0
0.021032294042598775,0.20828681333797752,-1.4817973304355176,0.7036582466368615,0
0.8540507017324585,0.17952128139934975,-0.3714375819563356,1.5138949852993635,0
0.8833979219861858,-0.025364856652645235,1.1403803237767733,0.876040769182254,0
0.773447152666797,-0.13742565909265841,1.8307347123377613,0.39039324428378996,1
-0.9903993561755456,-0.0030046975789477038,-1.0513844722381638,-1.084925112581453,0
-1.7473439784848317,0.0016154101744384913,-1.9049014535737951,-1.89150597885615,0
1.8464963996454213,0.10969772975544188,1.208247979552047,2.3629877379264173,0
-1.8089176454526712,0.026540980507885455,-2.151668948264283,-1.876871540505984,0
0.12038662874808197,-0.024608526862563877,0.30820063566111444,0.050244845558160556,0
0.6877437766024747,0.07233089275261291,0.2226733527534166,0.9829913445911937,1
-1.17391688116468,0.0025216917587314092,-1.2901447086996742,-1.2660739370615004,0
-0.0021549615103306084,-0.018556332627372392,0.13170908889362543,-0.06299435441134349,0
-0.4407755609712351,-0.00788695044311253,-0.42060420585636216,-0.5042531437826021,0
-0.06500239125214322,-0.018806949401602786,0.0654247947178952,-0.13203602680638116,0
-1.8949022005760667,0.017425093724513337,-2.178982742997416,-2.000007060404097,0
-1.3812376293915873,0.02010047268278698,-1.6417574812548092,-1.43366610965891,0
-2.095198215070401,0.020695363074098284,-2.4196249674270747,-2.2067439413608896,0
-0.18195176729159906,0.22329364688538672,-1.8101325586062962,0.5323667327981796,0
0.043620304664786495,-0.039501394783467265,0.3326054559528069,-0.08176727005098983,0
-0.9714833800667024,-0.3669865157358596,1.598378656362553,-2.254138797287322,1
0.43507350890769847,0.1876889148118061,-0.8843957200123149,1.0857821459495676,0
-0.5360160102991088,-0.007905630825529822,-0.5236614825244214,-0.6077001311679413,0
-1.8377117452741263,0.0301188175842126,-2.208712060586317,-1.8964333903022401,0
0.10483219257908295,-0.01953213072934865,0.2546775589882546,0.049953327291283545,0
-2.38155972335207,0.03841965214342185,-2.857928827321553,-2.4596612440917935,0
-1.0424924091610372,-0.5324915096164263,2.716986837894043,-2.8722071155822038,1
0.5716367822166573,0.19031252252498942,-0.755382530869117,1.2426008349470583,0
1.5420781676920299,0.2978895545483838,-0.48101358419710794,2.647676678353459,1
0.5157849577215537,0.20071735974410354,-0.8910581404042963,1.2159825547835847,0
0.584324667840416,0.16678015143172809,-0.5716463120323135,1.1794535899626337,0
-0.8459771892236893,0.2522259587442034,-2.7385945999255714,-0.09387867390433513,0
0.6240738809087111,0.18074774656941983,-0.6294750344748682,1.2682582519744083,0
-1.106184784414311,-0.0004689396268101951,-1.195154361085816,-1.2023245032055325,0
0.9185929150355396,0.01566911521146063,0.8820998117747487,1.04837358185399,1
-0.20938862712549625,0.2331005535541464,-1.9107015701029038,0.5346391627683378,0
0.5109336183940014,0.18414095887315046,-0.7765728366692618,1.1565330171768242,0
-1.9505933884505604,0.025020212973112608,-2.294187957707056,-2.035635091247025,0
0.1755777853108877,-0.021777007696815804,0.3475459542866546,0.11941163522380838,0
-0.6515887409442158,-0.009549046106419105,-0.6370121389027676,-0.7385290977114003,0
-0.7923765248735261,-0.006201612907668284,-0.8137351043337085,-0.880416057412085,0
0.03323733978550406,0.21980039164102644,-1.5517430287634473,0.754541569983876,0
-2.2762178878670687,0.03689702802113112,-2.7327929803271513,-2.3502870078698317,0
-2.969014035653291,0.05326540921451244,-3.6016707461845434,-3.048831491463274,0
0.2534979845374874,-0.07564869762508135,0.8211206644069245,0.027905584700468777,1
-0.07675281944243124,-0.011740832016275186,0.0016503299669479166,-0.12169439545304106,0
1.409624750731874,0.1467280073664193,0.46740845864662584,2.009793344067543,0
-0.21491076275993518,0.20650053748154382,-1.7245362402368367,0.4416972652933695,0
-0.49568086687002705,-0.013818360519355156,-0.43724736106636275,-0.5832422494624455,0
0.36370413233513427,0.1792204966342483,-0.9005511629202533,0.98062815437684,0
-0.8521807679828769,-0.008887362096553414,-0.8591316505096062,-0.9541139913358613,0
-0.17200469155359913,-0.008086688241619585,-0.12795042424322567,-0.21314842134734846,0
-1.6290392203202433,0.028985623944608855,-1.9744313899020076,-1.673618134590392,0
-2.128509593598057,0.01765998071044258,-2.4337911015544673,-2.2528260439161665,0
-0.5515282395386379,-0.0019605305253962493,-0.5834140206940797,-0.6051062992198797,0
-0.8380616442395521,0.00048050455702393303,-0.9115036472473543,-0.9081665758912727,0
-1.0635422068549725,0.0027254689682539427,-1.1720266978949638,-1.1455933380114849,0
-0.12755841702989124,0.22855754937855124,-1.7892222791180366,0.6086182154319035,0
-1.434511933752704,0.008291466996017866,-1.6141759189378742,-1.5300968199395397,0
-0.31693110377756795,-0.013052716406529176,-0.24910423846340513,-0.38670218035577897,0
0.6186121059274813,-0.27259843469360784,2.639409574157696,-0.21952341606969483,1
-1.4200561182931586,0.006863853738077954,-1.588200624330073,-1.5190711048885093,0
-0.8600387772952085,-0.007559411024368533,-0.8772383561123245,-0.9583033860431819,0
-0.8140099185382831,0.010228467230126683,-0.9558594250132549,-0.8501946487860613,0
-0.9935080386859846,0.003386061979194522,-1.1009171479831954,-1.0674101890891579,0
0.7404933224152481,0.16021698386242822,-0.3550290478260514,1.327525603700574,0
0.33278066402229023,0.19325770813042234,-1.0354560168992848,0.9929433806993351,0
-0.4671992017676885,-0.005845245541054449,-0.46398250461095336,-0.5262629557088621,0
0.4339190508769152,0.1878731370859799,-0.8869773179261584,1.0851311198266222,0
0.754660713534087,0.15135437344089198,-0.27565863392973955,1.313935449773186,0
-0.7039512386004018,0.2543612260342899,-2.6001350587343715,0.06727365160834387,0
0.49342438520018683,0.17738662867610444,-0.7467531995881151,1.1154484190652267,0
-0.9345234422730414,0.002814502470075702,-1.03287910845658,-1.0052491682036926,0
0.8852542695589083,0.16108031498746042,-0.2044181724481705,1.4874892593529367,0
0.14881765925460383,-0.04545872920314776,0.4896194392556428,0.012954389865543758,1
-1.2657171671859344,0.0015869758258719602,-1.3828575012191227,-1.3687807854244856,0
-0.5823435183922642,0.00033785947758590586,-0.6334048186063799,-0.6310443191514494,0
0.4544676995830408,0.18301978400025906,-0.8296542335808879,1.0915730435169604,0
-0.44789178685719083,-0.013626740175919463,-0.3868524926965585,-0.5307396398219222,0
-1.4339185003870942,0.01722344574078396,-1.6780541957519837,-1.5002566718602781,0
1.0015298394820675,0.07132606978626323,0.5699163461935818,1.3203296208140864,1
-0.5470518502752545,-0.0023563002294461166,-0.5757049994358696,-0.6015407175035297,0
-0.597963349953656,-0.006906948308607271,-0.5979950052000178,-0.6716811480155305,0
-0.777580845656777,-0.4508877764538653,2.4145415710263407,-2.3179007423830393,1
0.7595597598608939,-0.03730965440349916,1.0924874572497756,0.7025673354520039,1
1.3667131282986114,0.14086559868430415,0.46326191732012045,1.9440492312980133,0
0.8010351753280904,0.16852617518734347,-0.3494549397758898,1.420405578474069,0
0.16450008550205483,-0.027408141556699937,0.3762205549664497,0.08898002209950717,0
1.8869209009937442,0.1124886876101602,1.2318867525217452,2.415992365522402,0
-0.09079627563119523,0.20358064924643907,-1.5689670741640005,0.5668824541482484,0
0.7740388624604011,-0.10213711525801711,1.5764646495767036,0.5063832320793575,1
-1.8118543826533653,0.02651602116616935,-2.1546705811392037,-1.8801410279356072,0
-0.2299941962193621,0.20971911165484977,-1.764128782018635,0.4358443693403653,0
-0.18839083495185618,-0.15059915117458625,0.8837517889090462,-0.6967665183383669,1
0.05670126830743508,0.20992986932149207,-1.4550191190021384,0.7477484816706028,0
-1.0654873093032808,0.005242729019648529,-1.1923179401966846,-1.1394766275838304,0
0.385892941637112,-0.2184610180350619,1.9961919921059448,-0.2951869929273272,1
0.3942862456752599,-0.023680377595381434,0.5982639393988141,0.35060367840815454,0
-0.5525747927508815,0.0028108217324162715,-0.6190144073014222,-0.5906462390322269,0
-0.9969797892343647,-0.005310016899353983,-1.0418615553096258,-1.0996037376285421,0
0.550077602663227,0.16669848575731402,-0.6081627937122809,1.1420105902412585,0
-0.695728359714648,0.24182442017119285,-2.500664466581161,0.03522073513333435,0
-0.2977187287225155,-0.020141346424944816,-0.17708219495737354,-0.3890172659061768,0
-0.392366924670301,0.001501981282076616,-0.4359759735643409,-0.42101473611211326,0
1.5570275726714504,0.13640751665904624,0.7016695076832178,2.1360682607791555,0
-1.3237492877074142,0.2722939055010397,-3.4012199082859658,-0.5469163196009379,0
-1.2286600872961455,0.009944521879932574,-1.403078241363459,-1.3012360711564985,0
-0.941402371457633,-0.010351457959052946,-0.9452264208126028,-1.055751998601439,0
0.870416347511582,0.15043236099505708,-0.14357811782265673,1.4365773482974804,0
0.3256592045205712,0.18701393219562334,-0.9980693674487001,0.964803823616566,0
-1.2778953031731433,0.015408381305111473,-1.4958930455293644,-1.336822429918415,0
-0.8040506120535044,0.0031831607610358793,-0.8941759556307192,-0.8624125635975608,0
0.8947430384039012,0.17318591930267935,-0.2815835070527358,1.537359150704392,0
0.8610167679561963,0.17044952321005435,-0.298358937475943,1.4918039689283986,0
-0.8739543245712157,-0.0016477760938810044,-0.9350191617056312,-0.954085703530506,0
1.1687139474261468,0.15633986561014893,0.13695120171587805,1.7796968314119042,0
-1.4867944473342647,0.013921778995726603,-1.7114948350732166,-1.5684470141891949,0
0.18770945077040485,0.19533530103541885,-1.207647192631835,0.8422559223956255,0
1.5783910593942274,0.1403674926261547,0.6962112860432659,2.1722028426442592,0
-1.189588878274547,0.2804394980693579,-3.3146989445291424,-0.374656287138347,0
0.2445034813182824,0.18364937769734577,-1.0616966263046517,0.865709504653496,0
-0.7443477423931795,0.008111520606345972,-0.8650890230832635,-0.7814942511313342,0
-1.9390135525091516,0.020967214608318362,-2.2523639673447198,-2.036312921946771,0
-0.8463528642460973,-0.26873229849326896,1.0242049754272091,-1.7971428603834974,1
0.2484508984215147,0.20535905096401666,-1.2142421522110958,0.9409569404505628,0
0.3345227666415199,0.18535803127113407,-0.9765041674782081,0.9690128016765657,0
-0.2397427430170041,0.20200335349192286,-1.7189555130262582,0.4000415736050472,0
0.37422892688066905,0.18917192120291026,-0.9610329877827245,1.0245813100811787,0
0.5641872065071921,0.18911409821900435,-0.7547971160991286,1.2305968414787407,0
-1.170144322823878,0.0058520410384051876,-1.3101143651064333,-1.2510928156634145,0
-0.8117167630301428,-0.014079129905048875,-0.777785866328475,-0.9271596188840875,0
-0.2353007480210165,0.22363977138981334,-1.8704359987462684,0.4755864364250928,0
0.10063976653030006,0.19745122336522358,-1.317271082399306,0.7546558844500497,0
0.40767020650232555,0.19571760669114505,-0.9720832171333054,1.0822785522475564,0
0.1043641472258523,0.21366972279467863,-1.4303920907520797,0.8117122073089031,0
-1.0794718395284946,0.006190968889478689,-1.2143197881081556,-1.1515576784524404,0
-1.442556860994455,0.0035982242669712837,-1.588990307943543,-1.5541705964443693,0
-1.4160566515126325,0.006959986013143193,-1.5845616595108005,-1.5144153545225825,0
-0.08644531443132021,0.1986808251046704,-1.5288583570138274,0.5555894766835874,0
1.5955829621177344,0.12196004326096292,0.8478070610501627,2.130696655516551,0
0.0008771533386859834,0.20299953183209837,-1.4654419198997934,0.6644967911304536,0
-2.5790264743339786,0.03755340901488855,-3.0656249576223016,-2.6768479069835043,0
0.4472237166322552,-0.026862762831455635,0.6786095935428631,0.3976663843301127,0
1.0646755605144893,0.17573382241432844,-0.11586815908961368,1.7301535511922674,0
-0.5375372820698023,-0.012707117858994631,-0.49062563015278926,-0.6250461321447804,0
-0.4796569187573613,-0.005515752118912623,-0.47986047162468914,-0.5387091086933743,0
-0.13209791799974957,-0.04523840051111919,0.18365822913024865,-0.2912664159385535,0
-1.320395746879223,0.013308480137617066,-1.5267730181179573,-1.3898216885108265,0
-0.9668829741853248,0.27494210925636936,-3.0336879215390136,-0.1508726877538824,0
1.5294102989592737,0.1129137317748293,0.8414566969473638,2.0292948683514695,0
1.6606211741169732,0.132830865764751,0.8397486752348982,2.236830746739317,0
-1.0378116591250628,0.0002668608417268971,-1.1263878074076854,-1.1256986278841148,0
0.3487726024011266,0.18574084622974585,-0.963829902998666,0.9857326676817589,0
0.6330293442352505,0.17608300419612288,-0.5860755207619772,1.2627319903543395,0
0.24131507244098568,0.17913287580519066,-1.032525728338911,0.8474853150032948,0
0.561082390397862,0.16691866886394832,-0.5978297198018249,1.1546762794184433,0
0.34336803982650194,0.19052211075082523,-1.004223758144488,0.9954943982321917,0
0.8710824407159203,0.1673429299207305,-0.2650120045420169,1.4925759901353701,0
0.14815098435187826,0.20276004242541604,-1.3041419952658424,0.823583456310127,0
