F1,F2,F3,F4,F5,Label
-8.467584016910019,-0.7774066071492518,1.551185441710809,-1.1378607130285254,-4.230311196655448,3
-1.3510867495526824,9.805948822161257,5.2639986532802565,2.601515193205012,-6.891873963998185,0
-3.9572819645500745,7.606822353821766,3.9214346149756656,1.7597225322288848,-6.568719625553266,0
-7.332415912525024,-11.262207083264967,5.73962009201298,2.782714891008473,4.947251714571741,1
-8.669233631096182,9.107922499051234,6.9162451300803385,-5.4315199802384635,-7.031591109501036,2
-5.376711291508796,-7.960965466060339,7.102558741669039,2.0491860738587064,4.369834363868462,1
-6.682509988583547,-6.763066884010745,6.634335097409135,3.758264038029425,4.359362339383557,1
-9.78196957336367,8.68137472263708,4.7823161989353755,-5.835898472277176,-6.485248164241272,2
-8.50765203115911,-8.790242809974629,7.583245417220185,1.117983609759767,4.800044014698283,1
-9.512304722671539,9.936953035686255,5.72817922292907,-5.583856962398399,-7.777215152762968,2
-7.526806537447554,10.606563273833029,7.672915341819898,-5.160690837233294,-5.58513957969135,2
-6.454652031490982,-9.805303899765223,7.275811559356724,2.018697695773607,3.003086866728366,1
-7.14151332285297,-3.4910940963451558,0.021289285573841132,-1.3755518980359642,-3.629132948035462,3
-6.644495035167381,-8.067462562749043,5.844936669718861,3.1660542780711047,4.499947963415323,1
-6.624079858962071,-7.855636772690496,8.98899735996128,3.036670299882306,2.3205773245892636,1
-6.155468247654098,-4.282182979892568,-0.3324615880039624,-1.2749557441113104,-5.247556208024768,3
-7.339470492816191,-9.688172126100802,8.153858732042949,1.1662164089553084,4.233017793140301,1
-4.9989525238353565,-10.286341657052255,5.124716958878621,2.462314684917508,3.6593973315682975,1
-7.915737727246247,9.81721605260593,5.943840960250027,-5.808986864092183,-5.805173743336265,2
-4.804708794630508,-7.967203053204318,6.997499383330862,3.2235141570281205,3.7533761828993573,1
-8.414836256598626,9.579218601943593,5.352020868052589,-5.353529834681836,-7.0148575496498164,2
-9.585264093930537,9.835135212986236,7.839499090794777,-4.803663650993153,-7.848398624307891,2
-1.41042077106556,9.839702477186352,5.45338847222874,3.278648491095061,-6.858623349518511,0
-6.590705865598426,-2.316507970304529,1.056048080585996,-1.6565799451868455,-3.4784627915284254,3
-3.5464437773792064,8.823947450114714,3.7642605828433444,0.5903699529763959,-5.953449643619629,0
-7.426968534516339,-8.871081026852009,6.780098144364938,1.3094544521870113,4.267881783612806,1
-6.372835562168649,-7.771653067046857,8.492818505944376,3.404459225901703,4.810161443510552,1
-10.958113093663028,9.309914994888631,9.228562153662754,-6.556892354404208,-4.72438385041392,2
-9.278489403856923,10.031973924171984,7.062651913459934,-5.9385054453121855,-6.493321355591414,2
-1.3736319828721513,9.968287891691524,5.291270087533899,1.6579004393003864,-6.120657970658002,0
-4.919689247515894,-3.9947965320549605,0.9475004288944912,-2.423493155304565,-3.747110098831513,3
-6.660959265612008,-8.588944072925255,8.900976195262178,1.9270047024772237,4.440473081691248,1
-7.886095169448713,9.638950222728454,9.25053593018883,-5.187708140802933,-8.124263415013806,2
-4.716326979383092,-5.149504012689167,-0.09733562650813699,-1.3875053841166123,-3.8952560372195544,3
-1.895030923009325,9.771793838245626,4.109377688617574,1.3973514432960519,-7.154678888302914,0
-7.442576369170214,-8.205920017580489,8.296077365125432,2.644110197081372,2.5912268360304527,1
-8.921844461700237,-9.085505139156608,6.641538667500905,1.0206802249692601,3.880351263034954,1
-2.035959998479205,8.94145721554145,3.7930851181596963,0.45832245925486736,-7.326142143218291,0
-4.556598910321812,-5.108791972565726,1.4142828062547588,-0.3605173091147069,-4.846037405115807,3
-7.869714413534528,-8.964114676735658,7.379247827787398,3.116491753335124,2.4689869262060897,1
-2.535711498501967,9.074516338139349,7.1031209487133875,1.7808087191596096,-6.578079848817658,0
-5.835210579694802,-4.380465597589299,0.38918027834062163,1.2832437198593496,-5.6783875244343145,3
-9.550306635915751,9.518228369958146,7.262370788738853,-6.776010351632882,-6.620877193281332,2
-3.0693786632497195,9.761579733321584,5.250249101661566,1.9522680899765839,-6.7622998078424885,0
-6.613059327406688,-7.9486969610125735,7.405806904774128,3.087780609929527,3.6441631058205366,1
-7.712465166380175,-8.366912200249606,6.771299871217732,2.655232052619686,4.364374576772208,1
-3.5220287433871738,9.328533460793595,3.7318547607068906,0.5608659826054405,-5.413978422229716,0
-8.975536209021381,8.34478148006623,6.025083855312631,-3.8391864325676908,-6.554183056621334,2
-5.082423066426424,-8.197484895369001,6.752343925715906,2.5948830162203342,5.560806992506911,1
-1.636876986332072,9.197628133936673,6.829681769445774,1.1648713985855805,-7.719349033332046,0
-2.2851051412423335,9.026878528980117,4.7375549347769335,1.2001599000852656,-6.855117016892327,0
-4.100609656738691,-3.2771040393684885,0.9959731075892142,-3.162157361310424,-4.718090995773183,3
-6.657975821642234,-9.317076378299488,8.579279041072224,1.1276929326446719,3.97457991175955,1
-7.858482370890979,-8.430075000921539,5.620939311260862,3.0514558721898193,4.634049038333952,1
-8.891922666627236,10.353502251810397,6.737259702300283,-4.275687705379215,-7.5051897699914925,2
-6.866180301363,-8.862452843746013,7.521607676266558,1.877939822940233,3.5877895490406724,1
-6.591456480515241,-3.1763446599217424,1.1104961166578107,-2.2965383292022805,-3.089435079864129,3
-9.615614653593884,8.46492908416669,6.2055705648169255,-6.638020500461378,-6.536446715781411,2
-9.554226645824725,8.628223812181243,6.882638727799184,-7.309113432638104,-6.032620423643531,2
-2.0111993318073003,10.465429735993363,5.599149662313308,4.126352141452289,-7.64697475403932,0
-6.590940949368129,-6.383027616725116,6.685782931247387,1.491303279862358,3.5383110294961444,1
-10.935436403613647,8.426583004729235,7.849266723952861,-6.4101120654058725,-7.4104116385399275,2
-9.791890474186312,8.816516129291243,5.634096085315569,-6.402495331500484,-7.587440922620244,2
-11.010120780825794,10.899530695195374,6.3261729771663,-6.004050802889524,-5.03530651400893,2
-4.447323496996715,-2.3719116125370565,0.006279210858483153,-2.4807170604466964,-4.034530949127958,3
-7.711527967720254,-4.541872365399211,1.357522105027516,-0.4079745817815985,-3.662331775941868,3
-2.52771075904514,8.725627489278184,4.962597396566191,1.145938740388409,-6.360280676910098,0
-7.918405609732545,9.792868573062867,5.452969753973251,-5.308615118214336,-5.166869169212337,2
-4.376462815644498,9.700546318572835,3.0271629650384497,1.5012378181512984,-5.790676594183904,0
-9.05861735972722,9.327698265180794,7.1353544598346375,-5.688743371624357,-8.33896722221186,2
-1.6527988287292779,9.228379872328526,3.3941400575161134,2.146350609791914,-6.494309811422434,0
-3.393055059253883,9.168011234143849,4.698087554674101,0.8301993861101089,-6.521839830802987,0
-3.348415146275389,8.705073752347108,4.971142267631666,2.948714811063091,-7.35880142899656,0
-8.558026660052109,9.6369862022664,6.389810670187733,-5.949567635519455,-6.435101915272051,2
-5.753544563728189,-9.10721644719084,6.216997006757033,4.595660038114036,4.220669989935397,1
-1.9941623558440904,9.52807207911053,5.154926522534149,5.825901174595453,-6.308736680458103,0
-0.8805820774814583,7.63418466998343,2.936496396872947,1.9176219850441132,-6.4955617422119625,0
-8.935987235670531,7.821804886255636,8.125393165734332,-4.373126432287025,-6.989063357367517,2
-9.11126928686083,9.475018934300142,5.365860591819866,-4.756950966987337,-6.8572572390193,2
-9.740779950464495,10.106305719928477,7.60555513280302,-6.539207246942427,-7.694733609415765,2
-6.056939009314032,-8.765009789447607,6.033562015757649,0.7272214628005595,3.8256668566307805,1
-3.366355179469033,7.9433936301372094,5.122351251471287,1.7497068986148812,-6.165626697059178,0
-2.2655104115608378,9.259252699307044,4.132935660856972,1.5021313783224093,-6.647577253793634,0
-3.6338397148906196,7.4801719574627,5.91755565812661,2.3054836959203238,-7.628113727707824,0
-6.779231698590075,-2.6341387790741324,0.5629841431721605,-0.5083259520354657,-3.6906843787446864,3
-7.532102984143629,8.294988677518203,6.427599192422663,-6.0300310863233975,-6.056093958048887,2
-6.758099778630585,-6.278243218367216,7.227463015774053,3.1715735611498515,3.4582751307950215,1
-8.196307827739352,10.316513649242198,5.0783522123852585,-6.742845923004815,-5.422729467869772,2
-6.0647831519198405,-3.406430117579312,-1.0860620693873761,-0.46606131308156973,-4.6584782477226,3
-6.216883723783907,-4.075287936375886,1.166468709095223,-1.147902998919996,-4.927386527777981,3
-7.331212035226234,-4.419930062037463,1.3357486591493104,-0.8143660589563059,-4.414349295208855,3
-0.7538567806095458,8.765321979719248,5.6114497871824565,2.6185456335258794,-5.510995633618921,0
-7.475636010251986,-3.8065954350327225,0.46189864200029646,-1.5692164844302248,-4.303954707478092,3
-2.1425993769559017,8.074406341870967,4.1260119188914075,0.9139561620517804,-6.942306288424442,0
-0.62301172184222,9.18886394103016,4.897429226950866,1.8987237681745648,-8.798398406450312,0
-2.929842945818109,8.671571611671553,3.8376015670064825,1.8118839722747229,-6.475576334336732,0
-2.616227983007308,7.9790438057789475,4.086229530880919,0.7752917913518835,-4.914902058234881,0
-7.385592222077678,-4.982958062388438,1.445436224618333,0.3495137454242401,-4.279866414576633,3
-2.0172784515462445,7.694052921177679,6.471337602082455,3.152609804662019,-7.348802843255974,0
-7.410978366196267,-9.327767199154232,8.367683792567775,2.704191724490487,6.008158881656943,1
-7.798761539760145,-9.842468523388078,6.5557253503945745,1.9876153474773945,4.39566628845743,1
-8.834968492979419,9.779355428122663,7.938605570091181,-5.080036435164518,-6.501956639841762,2
-3.406451994538582,9.090090686392047,3.9627171247159896,2.9482894173584833,-7.026684572653409,0
-9.032080104683292,9.854084815321494,8.813855160909519,-6.39673601681462,-5.435660527776751,2
-1.591335675997974,11.136442325210954,5.6723440967792484,0.4537997179867186,-7.363861264017522,0
-3.101591547291619,8.150295358518505,4.688400464172928,1.1422195675296942,-6.6091703653714315,0
-6.046187438727043,-8.379147677407573,7.253357204040056,0.36133930134818426,4.591069775053494,1
-5.984916373248215,-8.20315595495404,8.373075630818038,1.4870650233036078,5.478845621555235,1
-6.358431062180384,-4.797029792036963,0.3320616687009934,-2.106002271964134,-4.850595471013543,3
-0.9764587100501725,8.905525979741464,5.041590558327043,2.6633136756518443,-7.280847663037107,0
-6.3561054093222396,-4.8188570015393735,0.8194879143663603,-2.5401394183174877,-2.9877378075775978,3
-7.435586712436201,-9.475714883942528,8.512539446606255,3.4428044828540303,3.590705262171433,1
-5.589782311859431,-3.8397215019076527,-1.1068371792524112,-1.6071621152876339,-5.018663791355353,3
-7.901342410406659,-8.129971309336657,7.567323629269902,1.4582216041274472,2.8811471572500142,1
-2.56872297911455,5.773018788129249,3.6154911948938118,1.7206015325475716,-8.12741037311612,0
-4.222332152143627,10.368158502363734,4.5253389909754835,3.2109859959141938,-8.474054849945638,0
-5.606814016083327,-3.398976853694287,-0.14635296257819497,-0.9291770824837445,-3.375007670811479,3
-7.770187781248691,-2.995926206234042,-0.1730154528942367,0.5121981490598604,-3.0953691303245128,3
-6.392570616745944,-4.623561907719708,-1.0185857599680699,-3.1642393034136305,-5.759553139044651,3
-10.047194376952891,10.476877876671182,6.610344346507729,-5.925845086375297,-5.479840718371316,2
-7.0357868286680265,-7.670545694976203,7.5779437587999166,2.359902896939378,3.7495745897984416,1
-6.698734214746011,-4.3069132898530675,-0.4272815518537453,0.2542760623117566,-4.497737665250501,3
-5.818309696361607,-4.447855980471157,-0.6747882030655308,-4.2333618404393345,-4.2029321010897975,3
-8.596267764547429,9.223237286544478,5.893107656515591,-5.2167079428640735,-7.261968637649025,2
-5.066201962066623,-4.781329989023746,1.464585833171494,-0.9339052652860003,-4.821644505882964,3
-1.9326406599969839,9.325536282741858,7.718759644683339,3.0927445953753088,-7.007544782632037,0
-2.3378293418627796,8.89863784581008,4.338775140638813,0.4946476935733046,-7.599471399545979,0
-8.100349168494175,-3.5919874266244642,0.3475260463460886,-1.8271361290259274,-5.770120263305957,3
-5.999929472362309,-3.724655461030179,1.2045804497837969,-1.7965859977275285,-3.6623113978630784,3
-5.720779789911699,-9.919391084235908,7.939458522442967,2.6154014928325595,3.8519051166069187,1
-3.108572646006523,9.019529827916505,4.686859429992843,1.5231042124614884,-6.256777258803771,0
-2.5418923711468433,6.946844028158445,4.550758796715313,0.6687001834358788,-6.2099546423212315,0
-1.9140405976158366,8.19606544496485,6.732266111913562,0.96715230244103,-8.093815803939002,0
-1.948413096684516,10.097337371373598,5.693680888263004,0.595500315983641,-7.817452231066393,0
-7.094634581497538,-4.684297490596544,-0.4447744684641074,-0.5316247852259367,-4.369243334811965,3
-11.424515487187248,9.90618837015243,5.5454862098345625,-7.90610837938696,-5.974922051327024,2
-11.39029055166397,9.939659771444674,7.408007976311082,-6.329728187161196,-8.954542948002898,2
-7.297367541493209,8.00862457647629,5.003454069051544,-4.730647354424836,-3.923748249518715,2
-1.8272446517577863,8.704019371604865,4.964045188716543,1.8430266295730475,-6.782631226158552,0
-1.593795505350676,9.343037237858006,4.110118632461063,2.486437117054088,-6.78254964180323,0
-10.653423777159324,9.092972338885218,6.039340613849152,-5.940189089419923,-6.30685073096088,2
-7.740522958559899,-9.222883300865835,8.329815724713143,1.4454083653410268,4.997143667986051,1
-6.915098083772908,-7.0675271210005,6.696555857710936,3.834748792861104,4.869203491376385,1
-8.212603300772331,9.248141456207359,6.774429269479978,-5.926289610718347,-6.34792160827652,2
-2.300334028047995,7.054616004318546,3.3116927873296707,2.1700309198098555,-6.141160611155859,0
-7.295397507176748,-8.205545890529725,9.594215773303098,2.2041664899226707,4.409672142221245,1
-4.818460059689192,-3.2843434562544678,-0.5290581916844477,0.4929929391765031,-2.954383500513808,3
-2.9841429342137062,8.360956895624609,6.405333076509198,2.3781513949016877,-8.140511145486315,0
-10.16201011802253,9.373842450978904,8.7911231746203,-4.025674616333766,-5.927176986183955,2
-10.281215311879858,8.679789777670688,7.543777192952877,-6.048167464726505,-5.115758583184254,2
-6.665729292687334,-2.742030503222604,0.8647708248428512,-1.468401771161914,-3.7277002702288837,3
-6.046355728073666,-3.3940327124299072,1.1403442185948143,-0.8054951611542367,-4.085836514783913,3
-10.201712777624891,9.095727356751757,6.260675997467207,-5.58280156405899,-6.202926674808123,2
-3.155770507295277,7.932738124583927,6.327020471300666,2.8548094408901825,-6.887599832467887,0
-1.0338414061031982,9.871945751400341,4.479940306264674,1.9541534760380432,-7.882156555789079,0
-7.178266457922197,-4.558704973126708,1.5250894502259185,-1.6958749592642262,-4.579065659281158,3
-6.519054067935873,-2.9294251451293825,1.6825146842095084,1.2284640148609287,-3.5957840228255855,3
-5.659336101728592,-2.01527320591403,0.36249488626218374,-2.3356289318283268,-3.0683365267521885,3
-5.550957063143516,-8.64180658693454,8.032526673087215,1.932564540576949,5.601568771370381,1
-7.91060930000751,8.84460880153189,7.217835895193711,-4.124821163305938,-6.7426283968454745,2
-3.2924509153889874,8.692224611992646,5.453396053597771,0.7423053675067768,-6.65216725654714,0
-1.202054868770322,7.406802893637094,4.824512694760406,2.2330524781891556,-6.09780431937396,0
-8.009816447933565,-8.308523578720727,8.765091536156604,-0.44934426526311366,3.364556300450432,1
-6.894077829509626,-4.124377014553773,-1.188309559576193,-2.166969693653874,-3.210565562941704,3
-6.537384246898243,-8.381574537482226,7.893290195730907,2.4700087948814904,4.804174315788453,1
-10.290301801890706,8.735296125688938,5.246247544208742,-4.003641043247537,-7.607363891249273,2
-4.939444502866995,-4.1652016554081985,0.7838222619246142,-1.1007777883864645,-4.309725937509709,3
-9.009018614482862,9.51777741165404,5.67578387512688,-4.556646284769986,-6.522030228884958,2
-5.58399954681379,-4.987898166549052,0.7343754967559069,0.7129830425922883,-5.094801787625585,3
-6.861675660210554,-8.49074605127434,6.783763235189341,1.2439955094618629,4.357296811018591,1
-7.5611612507508275,-7.9976842076472865,6.670898936196313,1.576116801649396,2.271910824975378,1
-5.356712173148894,-3.4140609708694,0.6847102492435007,-0.360053534590544,-6.8786494890383985,3
-5.57761847311775,-2.7262417693346026,1.2034324798458211,-1.0096514196161022,-3.105266957722734,3
-7.990685438741775,-7.086057313212388,8.259201308646164,3.293855329858334,4.883123619964144,1
-8.39883962515931,8.170589228102894,7.2462528858582935,-5.052045044123578,-6.66106415921798,2
-8.772572901544654,10.25867053159963,6.065775377439497,-5.920339500220888,-6.080920705369688,2
-7.5861992261005735,-3.6215972086426165,-0.8614531719786478,-0.8946696447241589,-4.211058678336645,3
-6.3307043275691,-4.732243771877436,1.1543743010771623,-0.4235294895311268,-5.782977060408135,3
-0.6569194385438124,9.000788903460387,3.582167907272201,2.795714596043921,-8.100470841122291,0
-7.6784068378144,-10.217646984650537,6.592592875556784,1.9891732619903786,5.956009419438697,1
-5.350559273815333,-8.996335655214999,6.896641845551283,1.0101958596040082,2.5065948840551395,1
-4.63685876250057,-4.537804502543698,0.689736087882,-2.1035702128557334,-5.495439707259867,3
-9.166389359848667,11.011908312298534,7.102387117522415,-5.997374421725126,-5.39941348756963,2
-0.5997809825826197,7.61571855437918,5.202848072918672,1.322527114818905,-7.366752574915966,0
-5.712755541926126,-1.8576596710975468,0.5159223403201652,-2.08910256838682,-4.358313637144001,3
-6.07817014143675,-3.4474619690438124,1.5809149575841044,-1.2631164736867897,-3.867366656535059,3
-9.370877240904228,10.26826477392864,7.144534703981041,-5.602798881290901,-5.998539653391762,2
-8.953499825684096,-9.18101535071636,6.952082049502912,0.6147885401463544,3.3836348683300335,1
-6.098693671667822,-2.9620185068960003,0.7822527978465814,-1.973537001798123,-3.8139136708330597,3
-4.534340209710358,9.20074044296775,3.9780923714597134,2.825603018736956,-7.6721479295839705,0
-2.8942799034690667,8.337364127892362,5.251555125068969,3.004169206436683,-5.948347072035071,0
-6.641118879981187,-4.667311546399828,0.8143031430639377,-0.020649181134540617,-6.050589665684906,3
-6.325487533120386,-4.351541031335814,0.3855188287189264,-1.4494625863630204,-4.545428225921289,3
-0.8767863191211149,7.584144750237689,4.199834349531118,2.1039102612268232,-5.438353902085154,0
-4.16096708543351,-4.091040953241582,0.6183334394292429,-0.8096142511172176,-4.131814749666708,3
-9.192506580646542,9.892227229522625,6.909526581832343,-6.303522940279897,-7.0351240237960395,2
-7.149984528569318,-9.817091472418317,6.879229655422591,2.3996007279090277,4.91844017256626,1
-2.4449176039572875,7.936541350269016,3.9245751269681333,2.652767432875408,-7.6099938228684065,0
-9.285674648844918,8.643921193220528,6.584714469415443,-5.424455376130997,-6.042143440407715,2
-10.017715655209203,9.52049454627217,7.192150845044823,-5.704357716108772,-6.322908964654105,2
-5.211088067986553,-9.097919107999616,5.820379962380597,1.7765571707782313,3.8887279861732384,1
-1.6095977476194996,9.321585649074931,5.452740955067061,2.602798525864344,-7.708622202073342,0
-2.9698363940125376,10.071408354417237,4.983497125796562,0.21012952857799805,-6.555543221756475,0
-4.957033383783139,-4.5611193199337805,-0.3040633740054963,-1.8438431493397176,-5.128745804297874,3
-2.6609827180883334,9.602603334682899,4.920870703963134,1.3504701641201382,-7.087749441508545,0
-2.496195731174843,10.467820205355638,4.375222002990145,4.693338850530351,-6.253959843386264,0
-9.307118690114574,9.502398147191762,6.586259688108913,-6.507182375301153,-6.6441757327247615,2
-7.120434991434082,-9.213148564185607,8.034482883702195,2.4665635463502156,3.800485390101829,1
-8.009161364493176,-9.362848022915784,7.812897476726621,0.8001724259722303,4.874449986093297,1
-7.268980574102256,9.791514882634258,6.8409019324984675,-6.062334250636979,-6.229959751075706,2
-9.051657361556664,10.583901197902883,7.367806126673503,-4.75717010062866,-7.120295744427448,2
-8.40127980852357,10.036927265269071,5.505847903277952,-4.1197862541333805,-7.509846048876676,2
-8.405634764200686,-9.530235826517254,7.277936899143206,2.2656396841868673,3.920215498064579,1
-8.39585370827318,-7.290822555305949,9.119400588594225,1.4095115443797894,3.7737499959849248,1
-6.272213083559407,-8.651718633479652,6.877089300948175,2.216390227762483,5.235083305780681,1
-3.746148333930832,7.693829515114045,5.161820401844999,2.2701543571739182,-6.629134340805393,0
-6.650963738597942,-4.711180997612734,1.5711357712433556,-1.339787978485743,-2.274226510286154,3
-6.209239486936528,-2.290476682339685,0.8182079057607863,-1.6134531292839727,-4.467228464954705,3
-4.811118787788335,7.49909506599977,6.006753103672626,3.6181373974420157,-7.128663230707648,0
-8.541629655544906,-8.904407555283328,6.112506715736247,1.3704641270620166,4.208850227237323,1
-6.681226599049521,-3.934574746696978,0.19194884981048183,-0.5611577252156351,-5.791727804475749,3
-5.1832724535026085,-4.9309769597876425,0.556808482492729,-0.9322831268271122,-3.4823115887760174,3
-9.837001240267497,11.005542619259879,7.139827767646687,-5.01834000038466,-5.700619387190575,2
-6.806813459553848,-3.0438578433520016,-0.8508510476019913,-1.2347200476112734,-2.2364881969808765,3
-8.48372520426063,-4.634308460051666,0.2839983938170628,-2.348279154308869,-4.306674163131466,3
-4.548429800812851,8.744879293753764,5.3574210920240635,3.47552673603676,-6.8055324107314945,0
-5.20779708294531,-2.9676286786863875,-0.27774903517885186,-0.9540473400331501,-5.147073930580447,3
-2.4739340710810214,8.314560620205736,4.853858746962324,1.8608416342499021,-7.100596790684493,0
-6.52805419676165,-10.089867180826454,8.767287519571962,1.9401490564716068,5.2787473875090365,1
-6.4086412361399505,-6.956303260160976,8.66894296165368,3.6154868615035727,3.6502358794897236,1
-11.741700227687666,8.759235295550384,5.325763022600937,-4.111202626298108,-5.353683566515354,2
-9.544498642104841,9.251195041611398,7.612731932803346,-3.5426947848431256,-6.920992440865821,2
-6.5942442025510415,-8.503870966648986,7.982067188171533,4.032504773630525,3.9845043284268593,1
-0.6434231119079936,9.488119049110109,3.448575339025453,2.6297232925745617,-7.854308861378591,0
-9.699536175432652,8.494289401775097,5.913322873418669,-4.517124611224039,-5.272190535263719,2
-7.357767040041063,-8.35934793088962,7.6571850207856516,3.059840179122075,3.651435157066162,1
-7.906624892687007,-8.705358082489134,6.62340210055953,3.217346863789018,2.638264651137134,1
-6.255057919972556,-4.140011122617324,-0.15487394817870248,-1.1924449551909575,-3.733476546469752,3
-2.2130773459881743,9.275341400378212,4.644992292870563,1.7385825505655852,-8.294997933201685,0
-12.142231248985906,10.33251695447916,5.281974117593014,-5.97798318832716,-7.533613681917347,2
-8.9182341284538,-9.846414067553415,5.452730994472848,1.670786750822867,4.17986993511046,1
-7.1350868106968015,-7.3343347680533215,4.672553107105691,3.1138070867866374,5.407536748418538,1
-7.607246769100815,-9.085846392187515,7.249089486398657,2.6429723324148537,4.339152556854163,1
-5.300537447545234,-9.361187783789278,6.903336098402846,1.7405156260036685,2.8170010448866316,1
-6.546830833220059,-4.223189424994986,1.2747891649140972,-0.05079088103807683,-2.779733385249205,3
-8.590277985932572,-10.186513178741723,8.066787009521418,2.1931656729921176,3.97746821956823,1
-8.515802776774148,9.033244313697,5.809643148669429,-6.798026980455511,-8.32985724523399,2
-0.9580456475302273,9.12996076249118,5.819176020291928,2.040688165350841,-4.818879266269283,0
-6.500731526121334,-3.8451029776960644,1.6570069352529477,-2.2884527613482595,-3.9370482133043763,3
-2.734973923539286,9.081814332886246,3.2151306500146446,1.4287869594155493,-6.768704601441404,0
-6.53558355310829,-4.7931377275658065,-0.3317517213951028,-1.587578519059212,-3.8080516892229834,3
-6.336749400896012,-9.500951515581857,7.894121584091862,1.2590410783216588,2.35656945525639,1
-5.3296091004618695,-9.836681797374801,8.307845313975287,1.8083113906386667,4.111987846268476,1
-10.266025483836057,11.411584290766509,6.785388147091173,-6.1185393377465855,-6.178820349993079,2
-2.6239340645196494,9.519273407178778,5.505634030398223,0.7728732768849558,-7.214128426992218,0
-7.119693554839563,-4.536002739060361,0.32698481405996765,-1.8331902048548125,-6.154717006414949,3
-9.560128956714824,9.389078046595683,7.734748381840014,-5.278519553554524,-6.388527614603132,2
-2.292739033470775,9.059857968102135,3.988278488622284,4.117113773266057,-6.245708168833259,0
-5.299363598589666,-2.788450003981662,-0.595837797570441,-1.77191391511227,-5.2811218645250975,3
-5.831100367439057,-9.542671447178769,5.915061619135144,0.4656710613402719,4.767461507266549,1
-7.902785954999823,-5.041922609719051,-0.6987963737542982,-1.2181565323939785,-2.442902196554069,3
-7.802274917453572,-7.96872183653035,8.679160774303654,2.4357351380878765,6.038247368478975,1
-6.943678893836609,-3.9521919378576578,0.0658264081274973,-2.0535206070315413,-5.581734659710995,3
-6.1851167909457745,-2.302934512553821,1.3919679485102892,-1.6296302750635174,-5.066609421454449,3
-10.198093018403334,9.264179876566969,6.6635410107376325,-6.538116099516717,-5.715220222014128,2
-6.264919085706452,-3.399215923105146,-1.0674172242417854,-1.8901523045039799,-3.381152516417334,3
-8.979171993176774,8.305884278567307,6.332444366313633,-4.5401200864552935,-6.221783742218083,2
-5.749812099462708,-4.141639239659077,-0.4643106040787225,-1.7333064032287382,-3.0866685763349753,3
-5.114751282105827,-2.393839088886794,1.4934395307927177,-1.7927199398757336,-3.7716871057025516,3
-7.876601633941608,8.02629590030853,5.035291418131695,-4.282047458940868,-6.572824333009854,2
-6.386791692395057,-8.653491632941137,6.4651651353174895,2.722610114273167,3.585813729683135,1
-7.030110828415699,8.833949444582498,6.833404119205473,-4.211107833866601,-4.357407767698865,2
-3.6601912004750528,9.389984146543993,4.039240146309297,1.6814759341474552,-7.481333803380667,0
-5.654034483400416,-4.569230823936669,-1.3355042642116997,-0.8498970276327045,-2.8017586508762036,3
-10.527645507902704,9.25410948751827,5.439158073167328,-5.153289056438273,-4.83274982351429,2
-6.452290966884922,-6.087824686823282,1.342550309795179,-1.896427813111608,-4.265950478343322,3
-9.625532350593792,10.125826586876865,6.700798701815735,-5.020577709218898,-6.44421723596657,2
-6.16344882666171,-2.5975576052012856,-0.5114139326348839,-0.22122106602863978,-2.858302128699296,3
-9.607947913010632,9.950686997657034,6.872766950073097,-4.389077356460633,-6.23827615321008,2
-7.397720892312118,-8.614539804997111,7.307100019425951,3.21069350831226,6.68838398179453,1
-7.36771581734844,-9.270885944455632,7.717975057877,1.6013157540439127,4.451226412817322,1
-10.116926795833708,9.98456106199498,7.887135887442072,-5.731946209698415,-6.054667643259024,2
-6.205290101109343,-9.961049778198309,7.705932661682754,2.188752443077232,4.653902819929058,1
-6.449978329922402,-6.03701003981784,-0.11269335444967521,-0.06410508059657594,-4.198285258338044,3
-1.5405526325198609,8.312233034320968,4.3122166896303336,1.5810615308085745,-8.343142139283389,0
-6.723558370353115,-3.6460281995641384,0.15193635714734677,-0.7395277373016343,-4.545027532082795,3
-6.006113486349157,-3.7207708392319097,0.14196233983406892,-1.022615783695994,-4.470818606178191,3
-10.276460459261674,11.650632848584195,7.63061830300003,-6.0780491699431,-8.862906370731562,2
-12.436852734714027,10.546962743611989,4.909139037230336,-6.115658727837609,-7.4831705504841315,2
-7.079121482079147,-6.339395401082188,1.379174029005807,-0.6242557300652518,-4.456744753157374,3
-10.922335609002156,8.796829399288672,6.968634750150972,-7.346211519966146,-5.923025917897589,2
-10.684585200979154,7.958146160645592,8.243357879233407,-6.600179134752805,-7.3548930053142945,2
-7.09531059665116,9.392126131699992,7.487343590460077,-5.671388427886912,-6.46239030904913,2
-8.159686560011648,-9.46314633433169,7.349613965709537,2.5399592553332986,3.4357077427674434,1
-3.282022837590322,8.777467521458313,4.154515288398998,2.0550438233270545,-4.564968624477761,0
-2.1627494135557743,8.33426140661983,4.872132533389105,2.266242157239413,-7.593978609177638,0
-5.418325176698074,-4.718334091489591,1.987817201604279,-1.632223228200254,-4.196784490387597,3
-10.139495830412484,8.57999815981758,6.645478358597484,-5.923402408959405,-6.8167287051852625,2
-9.709258262691733,9.817729487146913,5.761360638206336,-6.190676086757887,-5.641119298030216,2
-6.976822705146339,-9.38324684344496,7.7226590298507745,1.9846655324393272,5.26475343793743,1
-10.882991589804856,10.559023830618406,6.181151614696544,-5.406713904703761,-6.410421234737171,2
-9.272298437595603,-3.2592543642794847,0.6898648273635322,-1.3798083836035826,-4.563935649128047,3
-10.2397281176984,8.914311209185565,6.328505507814116,-5.329051840032561,-5.840665167822488,2
-3.4647380636531757,7.407839807940749,4.843342472095324,1.2168189386564285,-8.301880900748944,0
-5.069988302217332,-4.820887441671864,-0.15863770600406257,-1.9567609212011772,-2.800979102868344,3
-10.257382852743868,10.438101730635962,6.043237276271571,-3.9272080728875407,-5.685574784518718,2
-2.581207744633084,10.017819026090345,5.001514861275735,1.3280499293356076,-6.518231585642856,0
-2.4406346482467227,7.951982414472217,5.113471266863283,1.0537454497069287,-5.32969278613373,0
-6.379192405651565,-9.815883001434562,7.422855220927929,2.7736873582359647,2.492046274799537,1
-2.422150554814579,8.715278777732454,4.731639612763604,-0.0143992306601608,-7.099299078988782,0
-10.570797507622261,9.17356389324286,7.198904915032988,-6.721562241298113,-6.258125149712027,2
-11.144892012743702,8.970081882273973,8.149612606642746,-4.902996044320984,-6.712152790265847,2
-8.862197325677654,-4.201159362689356,1.5960882676433283,0.5972478270629087,-5.404966790491578,3
-6.296181407949983,-9.19761984742307,7.9141777461910126,3.1310038154470834,4.981933737118273,1
-6.9356942641864014,-8.55835913031619,6.198033868200326,4.468052214481002,4.290672737896136,1
-9.50967492376786,7.399996358707778,7.565180490710917,-5.406729310536484,-5.365490545998336,2
-9.253260286425931,-3.4785953366515776,1.3990634737309526,-3.7240320626995236,-5.185147900749099,3
-12.48456549227764,11.486571748020614,6.509263187853262,-4.64503496969696,-7.403406582983519,2
-6.0076522649958015,-8.18812657867735,7.22434705171932,3.8689372309118415,3.0913667895947565,1
-8.239965734255867,-8.09207419060879,7.969007096639778,4.185554958169636,3.853673320967908,1
-3.002198557711583,8.42492137125411,5.489480933249126,2.3301851699057794,-7.572536786411924,0
-5.203672281000664,-8.511400382871848,7.104422386689839,2.851705816047665,1.9503162469130237,1
-5.955475910363178,-8.778697386715836,6.676586137793129,2.7205235484777655,4.554936941342659,1
-7.047227673592801,-8.691614070202688,8.53003188200706,1.2053645638769397,4.53012486479381,1
-3.4741210836328547,9.70033758819676,5.698303323077689,0.21443019751761772,-8.062885703817045,0
-6.765881944613907,-8.688025995174133,6.959910703284847,1.9653546111431082,4.469253324812968,1
-7.3302952421196155,-3.61336324098978,1.2612089110294475,-0.1341664032733776,-4.275571272519114,3
-2.5594357325018873,8.775338081331912,3.7323151741865033,1.3963983533723994,-6.124235965325514,0
-5.470762153090367,-6.53942963301676,6.960684355059044,1.576797713463404,5.61483603303861,1
-6.553976571033829,-10.089441333021313,8.247549934705605,1.8373980984211866,3.6387285354018695,1
-6.693342828798868,-9.593710688989333,6.712005112506755,0.6156391380159534,3.2382183098100046,1
-6.3030374660954065,-9.041373142679003,7.694668788870012,1.418315048148355,4.248041343393809,1
-3.3346948198452617,8.692900286545328,5.052810290503726,1.4094451311367573,-7.701847586717702,0
-6.770714798671054,-8.11256113273732,7.804532147235417,2.246184259143307,3.370977100475597,1
-8.16053894577223,-7.0835335746516455,5.241593507614981,3.7187566031542136,4.372469023123528,1
-6.672421906112835,-8.566748919440636,6.046774339678394,0.9412436944559133,5.214604409253813,1
-6.919664747132602,-8.156827059263385,7.351841291629165,2.0520563743599207,5.099735361896906,1
-7.8951006116279805,-3.0320453636620863,0.41729143563195525,-1.5415795407483108,-0.9823096281943005,3
-7.287032382280676,-3.4915560752157844,2.557653551887902,-2.4286325414119583,-4.1511977393664035,3
-7.422308880374169,-2.5042227610629757,0.39654050036049554,-1.3422500042128376,-3.467202772782604,3
-4.559658206261579,-2.2538959262613756,0.03803237605848542,-1.9633116875194658,-3.7066429399641376,3
-1.5540553025515118,8.028560081862778,5.143925351745946,1.4429120655682912,-7.6725000234136145,0
-6.867873248045372,-3.1070973425281005,0.8624159460460978,0.47708404963743734,-4.398883178411014,3
-9.613864185075396,10.57092606249925,7.192452970602868,-6.123832118520583,-5.591801945209643,2
-9.961143266175718,11.125160894473291,6.249216630393834,-5.528533060682591,-5.430909823984898,2
-5.954809409029137,-3.9444179544942237,1.6211788834169254,-1.4124933507461714,-5.948449664246043,3
-1.0292534841627243,9.091654435845939,3.7785946348998376,3.4962937612103895,-6.340717147466611,0
-10.076221522229654,11.55550525650539,6.043137893005097,-5.01112241442517,-6.0642080754514955,2
-8.215453951986047,-8.458129905630047,7.934108660782527,2.5820906827952155,5.24223228147553,1
-6.469358317559015,-2.9622805936063066,2.1074068906334027,-0.04618517357363783,-2.5354526666677684,3
-10.26180073832782,9.677191205463687,5.813505762748679,-3.6080686586610886,-7.5510990748875,2
-3.5768180524353443,8.871906643177027,4.760174467940001,2.487608517999481,-6.1680123130623805,0
-1.2422864738661274,8.306616662579541,5.08369826437433,2.7478037373700688,-7.806557662729353,0
-11.25689418796154,9.797420165845166,7.296048755711177,-6.236404248733851,-4.789513892567955,2
-2.1674416472755906,10.890456967414208,5.5903026744141515,1.3962660282783288,-7.778041862499628,0
-9.576996236217518,-8.892622623153823,7.092588385290025,2.718506599677594,6.010407650866254,1
-6.415015375560018,-5.419875514840248,1.25518459633436,-1.2786598742231818,-5.632968695504092,3
-8.754781152475026,7.40446140066843,7.022909385856008,-4.5255487939611845,-7.573141674549193,2
-5.84272267278366,-3.280433672247476,1.6048284746009804,-0.9512809702291727,-4.416674850657704,3
-10.812608350373317,9.18917378595386,5.798332361799136,-6.3337412362392,-5.774922251437378,2
-7.65389879237952,-10.082982459947427,5.544802666594425,3.518344546353359,4.8158172122749665,1
-0.971161056586781,8.97846008908837,6.204522492042107,-0.6465754201490124,-6.057724686776046,0
-8.369548262386635,9.184754172309678,8.139578952858388,-5.6045503292323655,-6.700586626976027,2
-1.2315327272643253,8.422714739362492,5.186976217398139,1.7709770315068378,-7.097308394378491,0
-10.814075777086293,7.933822163030066,6.873304634568408,-4.706119483822322,-4.679572964400119,2
-8.770543814883665,10.7884045922572,7.206663122360298,-5.742865166591097,-7.675336888208147,2
-7.5565018953352165,-7.037387323725195,7.28336496485436,0.5915251327461275,4.289555970831698,1
-1.722113019310298,10.172881707205725,3.819196517876391,2.9365458131850537,-6.466846264214772,0
-3.418585077847489,10.41708043913442,3.2380277734358205,2.5600267777410024,-4.689171565341292,0
-6.796527100229717,-3.7139954849364063,0.7784165041908995,-1.6200046008617626,-3.5887233945638863,3
-6.52924822323865,-4.0664284244627575,0.3002203522920762,-0.22732953029062064,-3.5818604737582995,3
-8.213758848428963,-4.463880048550207,0.587973533785872,-1.2012432351602849,-5.20309233696512,3
-7.2734484056033075,-8.809582933701193,8.601974778106001,2.213399302884079,4.207888104077058,1
-2.152085051541004,10.492180172939838,4.121608617954454,1.1646760810475443,-7.3813842347358065,0
-5.521101529771542,-3.1216664202570326,-1.2534033405934235,-0.05675938427953264,-5.837909184074835,3
-7.3198406515501215,-7.3913498722822775,7.520077692010278,3.0541447743328103,2.675891182883937,1
-8.231794198892281,-9.814201009613344,8.377164712106543,1.0729013460322325,6.793833620758299,1
-3.9450597742321896,10.177449880353281,4.6501118972476885,0.9916610328927811,-6.417523716888,0
-1.8470669485317035,10.600302944343674,3.4020633374012523,4.106203058596998,-8.831714990673772,0
-2.694856599716567,7.907951154192293,3.4436722121474306,2.78569550633493,-5.523387162580447,0
-3.1085902684967723,6.890390403888515,4.11412381454734,1.214037022387034,-6.729233404675062,0
-3.3250079080181885,8.937184418784218,4.981030811044746,2.249860483270751,-6.0524439421152465,0
-3.4997339481834384,8.44798839859555,4.739530201315743,1.4696940298245327,-8.430290622217402,0
-7.439031440547535,-8.461115881571489,8.889046944733044,1.9565499737911878,3.6062520292277105,1
-7.332241127536898,-4.592900111334097,1.0090364823036722,-1.1815178452180872,-3.824787096765602,3
-1.68713746305826,10.911079110852269,4.394490720225231,1.2194335195832424,-7.769141620776793,0
-9.93756781840238,9.076561992022503,8.725600799569277,-5.371282334202924,-5.933459008666918,2
-9.531296989186867,9.666789322103144,8.177321242420968,-5.245382030144853,-5.825204576808355,2
-7.947041618836833,-2.7504157863520744,-0.23946294415329195,-2.171352064172066,-3.9748479988082184,3
-8.286568824685153,10.959708239966739,6.680856965074202,-6.50663565678066,-5.9035285129188715,2
-6.476428473646841,-4.707575061809207,0.18716710300571698,-3.254714294111471,-3.9621234886662227,3
-2.5439093927579934,7.845608090578789,5.782701650743122,2.7251027166275064,-6.088595244108223,0
-10.134554562336433,9.790001048642432,5.169941247234307,-5.569857866655322,-6.378810505030983,2
-7.39615432149332,-8.742206979695027,6.861247626793661,1.58780400743186,3.8522794324522693,1
-11.281266928279337,9.299857416445136,5.660261708857519,-6.856807103650247,-6.1836065047045095,2
-6.0331568945656375,-4.666946190904429,0.06877103643921395,-0.21265391796093036,-4.062146785501397,3
-11.006675847016982,7.63738823125911,5.123196501438341,-4.490633683007295,-6.915358801750434,2
-2.31013792747928,8.414069251039527,4.70968092121812,1.5878560870789717,-6.766109845900022,0
-8.204037295573432,9.962106163292246,7.243607157673722,-4.8998022276541695,-5.604572066071222,2
-7.1848945288456765,9.3405782462063,6.849951862723403,-4.702563390426865,-5.257974722900004,2
