F1,F2,F3,F4,F5,F6,Label
1.8373476376478797,1.3627870563151898,0.5079913269125437,1.6704445252614741,-1.02575967508054,-1.8362053731032966,0
0.1619533822353414,-0.4869961181521291,1.1647393544571714,0.6783458582507893,0.677236968465608,-1.6151318159055095,1
0.9435256937468439,-0.14463707103136692,1.6246784584695606,1.5965481546028983,0.5410010883462738,0.12267031599479553,1
-0.02343693657693798,1.3036571171733686,-2.4238793266289567,-1.1769461386596838,-1.6572636370392742,-0.4523063192490767,0
0.08926998347912499,-0.8417708951945122,0.46877425607502377,0.8754593314338145,1.0982334213470089,-0.6022120603617805,1
0.0010656260936914661,1.1096229706766345,-0.6810516574748808,-0.9690310765564177,-1.4026232370589486,0.12810441491078928,0
-0.7247210358460844,-0.19419097230164498,-0.29027454418865134,-0.9592440745266504,-0.0295324088521165,0.9190764829877686,1
1.5347533263884607,1.9228111422940448,0.6351718016819695,0.7090945649222771,-1.8487154310513358,0.8951932200277323,0
1.5475942389877881,1.7531519841881948,0.609138120907177,0.8775175939440426,-1.629321445291219,1.091310120594269,0
0.38299985030630856,-0.39377909671418265,-0.7472116791478234,0.9411923386401806,0.6432708077317228,-0.021367294348436157,1
1.862130431078582,2.1021215752673865,0.1704162223754877,1.0622910376902714,-1.9511814259630151,-0.38817681854122876,0
1.099817186117166,1.1288849768467077,0.7189533106650667,0.7259823108015646,-1.0099424992789974,1.185704154662997,0
2.1624210789623155,2.0293627131195486,0.4190190093660452,1.5937952598544178,-1.7452071497503259,1.6725723868377034,0
0.6993708099754183,0.6012711050838978,-0.5535882417079946,0.5636370316995477,-0.49480899031293124,1.6777008140764407,0
1.60122511109151,1.517127711947458,0.7591551603026468,1.1675474968737383,-1.3105321801653955,0.541462728204788,0
-2.0588536811112528,-1.374628214112843,-2.8485426206300755,-2.0051941313468102,0.9566582627347627,0.7716987106483447,1
0.08387187604157793,-1.1537976770086318,0.6308116845547775,1.1400081412220315,1.4907169499151849,1.513449743242131,1
-2.3727203165506103,-1.9561845354284642,0.27899416222380197,-1.9854589635097444,1.5728593176521075,-0.6734906242438685,1
0.21847903340076635,-0.7442417985302394,-0.7517910500951843,0.9914502069307096,1.0239576985806378,0.29875290836568624,1
0.06841791789059345,0.6164271923304253,0.5725827813561586,-0.43265104530234755,-0.7534535628908905,-0.5711789897827968,0
-0.04828513745596008,0.7766271925764858,0.6487098875896427,-0.7546173060404031,-1.0003085471432105,1.3821589910375272,0
0.914553888194883,0.9926039284451476,0.5562300094006599,0.5565584393386918,-0.9079437313717086,1.328194141849058,0
0.5331671311529713,1.1933660556854593,0.8773622905756714,-0.2132706328140107,-1.3065480749524996,1.5033983017671506,0
2.7768093312761044,2.0545010575578746,0.2992925804064919,2.529026176016366,-1.5437987796366874,0.742095372009307,0
0.9113962450740385,0.2848406646059799,0.18455130319703697,1.1707857438914129,-0.01423333570541696,-0.5642475986573886,1
-0.04988401281409548,1.004488574287329,-0.186971302985446,-0.9564400978180709,-1.2890275307614714,-0.6095122021592831,0
0.24824760916430763,-0.778701676032508,0.41953244390702776,1.0679751730789842,1.078828195193362,-0.12094814860778157,1
0.3431499488194542,1.064303459117753,-1.0147567306928669,-0.3964157511488866,-1.2154808080312067,-0.5816809139486437,0
1.0973836047212455,1.425713312031792,0.8335289616089246,0.4625271748720541,-1.3861813841324415,0.33088023221445706,0
-0.16048560265324227,-1.313969818786816,-0.9533286082587124,0.8994148471199079,1.6004946004126148,-0.4827435221820324,1
1.6760553260706679,1.0339718402169256,-0.14408755572161547,1.706795343555481,-0.6712188701112474,-0.9393353938187543,0
0.3522132821007896,-0.5066020809577102,-0.5327008396619114,0.9919234711692702,0.7742410878775636,0.5136001065697166,1
1.2812241442249983,1.1873384345900155,0.3098207102270275,0.9574810704145813,-1.014998320292561,-1.1875984190295128,0
-1.450103375352918,0.038199200763482745,0.44770856001731496,-2.2926890201914683,-0.5986928672918705,0.5697672802322039,0
0.9466512297094546,0.09696561111910183,-1.9663565893760018,1.3900652283806885,0.23670052265946173,-1.0448091940210336,1
0.7859014757392567,-0.7151077605584043,1.262584103427182,1.8500126094611464,1.2024877611459355,-1.5256563145700948,1
0.16602908794013876,-0.597285378582395,-0.5511857163285334,0.7811762049125581,0.8182356905424166,0.7783610761666377,1
-0.744352285287946,-0.7846576538806059,0.39580353343740904,-0.473293106341268,0.709613400542241,-0.6255627015095294,1
2.0040304678643803,1.3506325173764553,-1.9754665663538713,1.9407704164637996,-0.9471260532787891,0.06447441481012024,0
0.04460979588338992,-1.0164042785380862,-0.2523535021262876,0.958646610462791,1.3020921142893753,0.3230792731160291,1
0.9334266944480981,0.7403020604975896,0.5885784044206096,0.8066745394808871,-0.581765351054585,-0.5805234498047227,1
1.3968400608258469,2.1482254192357684,2.4929995174327906,0.29703358092598453,-2.186078974934627,0.3885786045309641,0
-0.21093073887953273,-0.6924218394954922,2.006092888159123,0.27709458505015605,0.7954512268499094,1.5421099525678756,1
-1.1904122346077908,-0.5173203135027834,-1.3230897934074983,-1.4021231123757838,0.20228313882074722,-0.6389617476895022,1
1.3586153405216523,1.6009971006812846,0.0030460201534144695,0.716191120313523,-1.5086617806933125,0.1605739810498646,0
0.02370914352383406,0.28163894226712477,0.8724573282801447,-0.20943697529319005,-0.34711055109506006,-1.2803043986708944,0
1.3378283392090202,0.9507910859988425,-0.6568942789713957,1.252601018010791,-0.6944191300674978,1.2004139079444254,0
-0.8244144511220048,-0.6154962475796355,2.2524358053443088,-0.7460119524672564,0.4653346598826774,-0.6881503451777238,1
-1.4270334001078,-1.721548935595034,0.5432980290363879,-0.7173289998357129,1.6351213642571913,0.12229750303228377,1
0.4387528613323347,1.583612550715567,0.4714155563864041,-0.7017540430744812,-1.8358182735575892,-0.8323555731042287,0
0.02507404040673678,-1.0491260071149218,1.6073455760199926,0.9568345143433252,1.3360511882920245,-0.24869112618354708,1
-0.38543551558048533,0.8368089726100436,-0.5228600271532683,-1.3325469272973705,-1.2043704015723093,1.5795721457307124,0
0.1439004323958504,1.313160732808126,0.23421473253652075,-0.9245468908992653,-1.605766551314205,-0.03468488738678118,0
1.3293960450478648,1.4448548494690248,0.14671368643332283,0.8072595037738493,-1.3223229571214499,-0.16711808031685435,0
0.1613959370858201,0.7956286003229169,-0.6526239793023909,-0.44455483809758023,-0.9447489053826664,0.8406435489887241,0
-0.9253651181639265,0.755426632925571,1.4437646040732595,-2.1025687747066586,-1.3064017222448863,-1.251539424190444,0
-0.12738796115933446,0.6426674312193811,2.0102045387663496,-0.7606729617077266,-0.8609511837662961,0.6585442726728304,0
-1.2439746142935202,-1.7021295592855363,0.8502217421134929,-0.4491099058426996,1.6800479124474528,1.5007597906343109,1
-0.6339088119487211,0.5840506482143141,0.5524899544171478,-1.4985588766042819,-0.9790872549231859,-0.019637798926681216,1
0.3794086557617284,1.261676975706471,2.4553001399108942,-0.5125855321728015,-1.4512813626689172,0.2891686439078181,0
0.054612346213722775,-0.15491698502455584,1.543243528272189,0.2206068928218624,0.21660824167619497,1.884586305934609,1
-0.7226466359111047,-0.752060943012676,-2.153390113603715,-0.4679909335422644,0.676635993976037,-0.9913923494563072,1
1.5726602023473848,0.8580246166054024,-1.4137144969049802,1.6996224641992173,-0.48799203592868223,0.169360824036078,0
-0.8131322508801254,-1.3585769780530983,1.050654396007612,-0.07839175511021823,1.409181816037709,0.2010990467149675,1
1.3437968002924414,1.4624516586184395,0.26859227886325693,0.8143024149038273,-1.3391068165719096,0.0570131248970845,0
0.538826219314552,0.4401438716378246,0.37405656984757213,0.45446039222094436,-0.3520121551535206,-1.9937356425714554,0
0.4472589000786106,0.3450860430129804,-1.7608088119807759,0.39495378255023583,-0.26657406521922367,-1.4183657329330317,1
-1.8612636177958823,-0.7063069700225336,1.453384477117701,-2.281990542850907,0.1866167602317954,-0.4455025214007718,0
-1.4345571569607873,0.1321488169214992,-0.2811002928859549,-2.3506544329847108,-0.7115838551813287,-1.0016200098949155,0
0.061972109802531046,-0.25223138885879076,-1.1032083657216831,0.3172035032729187,0.34244779491905986,2.056207129940322,1
0.8413719222479169,-0.3870154667714364,-0.20367375017696587,1.6494228915119225,0.8086958795179077,-0.10015407647995278,1
0.3649147582400823,1.1332352917287538,0.5792914996010884,-0.4228071469133716,-1.2943785566064923,-0.015309849172995557,0
-0.3565561602000381,-0.9705079014061877,-0.3670278390833223,0.29347699181975173,1.091795592795345,0.1764415552772252,1
2.133500222579614,1.345196205016643,-0.8984679817910373,2.14724097681696,-0.8911114667632791,0.5365098435704035,0
-2.292411071534076,-1.4889554963379756,-1.0227925651984056,-2.26906560236349,1.0125680501756356,0.6135179727304166,1
2.3878338259314833,1.4149585568182916,-0.30522470435466764,2.4824670791143078,-0.8827868335011989,-1.0651136630753726,0
-1.3710746392712447,-1.519169087788005,-1.4643748802098202,-0.8071854478404049,1.4004679541584057,-1.2257656630023412,1
-0.6903052124855263,-2.0726736909669494,0.4446026682201407,0.7376611476897172,2.3587183795727378,-1.1958830620351844,1
0.026563811148430167,-0.3091972027033666,0.02127157673606165,0.3118704348626522,0.4010370430357336,1.2382830714336357,1
0.14709645093623003,-0.8291792781043538,-1.5947030672667954,0.954538358801587,1.1042606383249682,-0.46603650186824225,1
1.949390250427349,0.43515491145781887,0.13653533108273744,2.656494685915748,0.18968174141640892,2.013387247526623,0
-1.8592066234526077,-0.3964706500172564,1.044160877069072,-2.5498286309405565,-0.20436524224906805,-0.48943944251822213,0
0.22527962319286082,-0.8010313438691802,-1.1196174332890112,1.0517247239075223,1.0983446382571544,-0.4888494217862741,1
1.9119580929896636,1.0344869855757308,-1.8019804375800197,2.0738830851382275,-0.582332299730893,-1.1701130260593595,0
0.4351739629538559,1.2335269567515612,-0.2817846088605072,-0.40107727698131856,-1.3945219938858182,-0.42018681709585726,0
-1.6758451535038423,-0.3601003472833168,1.1608267873785194,-2.2959665185392106,-0.18075687222000858,-1.2946814757209058,1
1.8538749383572475,1.4363746153636356,0.4865016438262019,1.631820248487756,-1.1125321292227615,-0.07049877805909122,0
0.6456914410536068,1.0630118716167418,0.19759960469239965,0.07607617337552686,-1.099016750967409,1.3173940656343257,0
1.2292332168147813,1.585626273193227,1.490726136849952,0.5280590473670319,-1.5383341760203775,-0.213442870930208,0
-0.07493597823005031,-1.245478474780106,2.439752406339273,0.9727860372784085,1.5463636199725757,1.0225704320096403,1
-0.710076909549767,-0.023949013240922516,-0.4937565831613125,-1.0853550249745498,-0.23923123182402906,0.99626681944714,1
0.5943398440702848,-0.5077052183734202,1.2269332238843076,1.3701235987430165,0.8675361134764719,0.7660802783846903,1
-0.6791158729324455,0.40394191468478674,-1.4307751021180481,-1.4114338280942087,-0.7685129966570653,-0.04015795064434341,0
-0.36312670884380793,0.7360339029231493,-2.198805956620082,-1.209632219553841,-1.0684811438720434,-1.448013900416244,0
0.5218924913673544,-0.2505509656220644,-1.0097307047099375,1.0322930927278051,0.5148878344974779,-2.3629324355418384,1
1.1760748333342539,0.3571073493448267,2.601683114180395,1.5199386399681565,-0.005148742700294973,0.24075317948856828,1
0.18160372807213904,1.3487292934889217,1.8260097135469362,-0.896920013783385,-1.63642964265813,-0.6056155397368641,0
-2.871002592765528,-3.013695165820815,-0.6929051977959073,-1.8366829372558326,2.720869992921865,-1.243863235391285,1
-0.25634352235979135,0.468370968038154,-2.8962553781936893,-0.8091132810397941,-0.6895131775746941,0.9980101098596522,1
-0.09011389508911273,-1.0127548328449714,0.28257995048829965,0.7455535155620042,1.2463427203181805,-0.1671217137864115,1
-2.5825855930422184,-1.8375928162095303,0.8534155587803077,-2.41617403833761,1.3432544799179498,0.594754341665286,1
-2.2951230850950917,-0.17459828661141777,0.6408428612670098,-3.42308252105526,-0.6503587453469379,1.7976865268495226,0
-0.8192493479979428,-0.2872670190364298,-0.6629009175509482,-1.0250975852899018,0.0522760217519167,-0.7019916878067554,1
1.1980416400771199,1.0396745377053045,0.5999287299962045,0.9570575333902912,-0.85986165641434,-1.2096947428411076,0
-1.8841444891225299,-1.9967678052618283,-1.5763921569842494,-1.188751943422587,1.809614648495001,0.6523228784134196,1
0.6822461729389602,1.492709866319558,1.2784518626072987,-0.24286841888680188,-1.6284602927135996,0.028744822934817487,0
0.5441872226504313,1.4379319242027675,1.7945578635177877,-0.4100459558649233,-1.6115989348293491,-0.033126972873797095,0
-0.5407957537239562,-1.6230519928034144,1.0725073373098022,0.5772717856065828,1.846955402501783,0.538296079049633,1
-0.2265144927971721,-0.6230440362258235,2.076747983560841,0.19212369809976448,0.7018137737747443,-0.3216350512173826,1
-0.36980391920756883,-1.0798251223623003,0.6731813512699584,0.36846690850793484,1.2249900532791047,1.2897527540827456,1
-1.6513836076517652,-1.4765897896543911,1.3920022863445993,-1.28115715792669,1.2402374080380234,0.17989415115347845,1
0.24748199873817037,-0.2965680514365452,-0.0033744574109520514,0.6450148249938186,0.46891897866610854,-0.8181988834223072,1
0.37168394724069564,-0.37269424428837955,-0.39963618561460235,0.9051171727924876,0.6123157317532479,1.7269638512334051,1
0.6342959303687619,-0.5051003672369451,0.8157372125392968,1.430096791356235,0.8794079995402893,0.30740669780910074,1
-0.5960156076150147,-0.519264685401426,-0.09833962679474989,-0.47434751430292144,0.4303474847100831,-1.6929568141953855,1
0.0020612491065226924,-1.1833957488768856,-1.7607627591558177,1.0384387443260203,1.4970897143573145,0.5655096456315442,1
1.0889671233311742,0.5914536445897902,0.3918040054025465,1.1792194411949675,-0.3345226234647478,-0.5462444482524828,0
0.5369623863936996,-0.14957114207245611,-0.651356893791829,0.9674355822781405,0.39292693241082977,0.3996879517526416,1
2.384214913458135,2.0689884569231123,1.5615111967268527,1.9046874621978025,-1.711127846811632,1.301741289398798,0
-0.2667734628758951,1.0980349957650255,0.7604146561442974,-1.3761894189662829,-1.4896306891028257,-1.5839028234857233,0
0.9901260556337023,1.6751043188197496,0.02688583899453078,0.07725334564425768,-1.7422260347643603,-0.22096417382966393,0
-1.8916314900532822,-0.3458431094267294,1.40934744018558,-2.6446354912909165,-0.2806866363754248,-0.5172884501003722,0
2.3484054078620256,1.3491931134666362,-0.7557451594928447,2.4785684942890214,-0.8145970258839557,-0.17495975669540864,0
-0.034601211266536286,-0.9187812871070962,3.193107567844861,0.7498352404105166,1.1485909226402449,-0.18047991359062565,1
-2.634502922951026,-1.7458947909789262,-1.103589317215771,-2.5772785182292384,1.2076043594296473,-0.9885911071509175,1
-1.858675162121374,-1.0564484416366908,-0.05761879703358539,-1.9716561086556101,0.6303245389080205,2.403415585238275,1
-1.091107636813664,0.2653409857354973,2.16325472330546,-1.9320730360471532,-0.7496367125919057,0.6454841811410754,0
1.4339986895605725,0.594165121677413,0.18335991977915564,1.7144093828194646,-0.20699282100962746,-1.4789115687741288,0
-0.3847552061504731,-2.5336330581715547,-0.3492577043184288,1.6169548995274403,3.057536729457203,-0.3486521344078592,1
-0.5317307612551863,-0.6792628774325898,-0.8469613483183278,-0.23422578075662182,0.657051737860439,1.5945050632249722,1
-1.0839561007996725,-0.06081673070753655,0.04643654815614881,-1.6356101274713413,-0.33452249807942047,0.19109906801990334,0
2.5330426025484467,1.2952830293835422,1.1906462747863413,2.813394921510088,-0.6763522667730109,0.43693816974634986,0
0.608796259680713,1.4088494954856856,0.4746982328799528,-0.2839434329212631,-1.5503039335464757,1.085895565831578,0
0.25249011880350647,-0.34060555213368016,-0.19365945927971812,0.6913412498796666,0.5265016587271892,-1.141689114133505,1
0.06620410322672612,0.46851268900723775,-0.009118996644203544,-0.3067054910040776,-0.5672680064684392,0.028181157369128247,0
-0.15235291642244742,-0.9014761375766452,1.4775300810552618,0.5512387089440175,1.0820167971265264,0.08840688629184736,1
2.5306089890069714,0.9757644640211233,-2.152890592952483,3.089116202410194,-0.2732708025868076,-1.1033666061738736,0
0.5255367436686722,-0.740156925016528,0.5925269492011831,1.4662751401469611,1.135337809774673,1.0240625258114624,1
-1.407027018628575,-1.2622126400712634,-1.1430049127304835,-1.0879834564261641,1.0619216106734033,0.6387302220291846,1
0.7467622599184357,-0.3825237168832813,-0.7280029412291344,1.4980909298464624,0.7671069161019146,0.020793707675407894,1
-0.322886201052568,-1.3722803070680054,-2.9213504834946074,0.697403078332689,1.6125835953806427,-1.072139011985607,1
1.4974526979072975,1.0753856663541501,-0.25083301645504735,1.3923024683577725,-0.7913726845701154,-0.32267983884213575,0
0.2555162111793832,0.6317654131073838,0.4567532191537839,-0.15456819684116307,-0.7018335137802152,0.34272534637770413,0
1.8486404570546273,1.0813942684725066,0.14171691363990474,1.9341995028835965,-0.6656752176500205,1.2130976999791834,0
0.1012314634430685,0.9787399931363285,-0.36283856043965906,-0.6984762836512719,-1.1991140093295252,2.2988981236192503,0
0.6224148008330737,0.3201261365740976,0.8384907744516419,0.6896828415619383,-0.16853311006561278,-0.006070911539893324,0
-1.723357453467595,-0.14866778224634905,1.1087035805829077,-2.5549509636211614,-0.4661295994071919,0.5906548306923093,0
1.173932611655286,1.3087309664471767,-0.9186519464841982,0.6841265710139048,-1.2092122427532037,-1.344450511034277,0
2.1433294228331983,1.2811224311432745,0.39331783939437187,2.2186062911787423,-0.8063646921235218,2.319329539981694,0
-0.12361807065216067,-1.2433880158850388,0.9553052085705107,0.8951102294510592,1.5252429036267383,0.6963874474567153,1
-0.5224496659597224,-1.6311851148365748,1.2083662305931424,0.6129699412828136,1.8642024097031449,2.061503576636398,1
-1.0927827057563932,-1.5092091007119983,1.5739867632900328,-0.38231733675525703,1.4935012869593411,-0.483186462299374,1
1.7819937414812697,0.6133232402470408,-0.22476540189268354,2.2398290382027666,-0.0991336506572662,-1.366878698415421,0
1.3132595212100096,0.9218579383190377,1.0399046873960764,1.2396331432409757,-0.6671607284083204,-0.6690727386599166,0
-1.0410218901988855,0.22412252626055817,0.7090037575885123,-1.8179813902589266,-0.6785090692913709,0.19652116970147013,0
0.6990569425737364,-0.4516820693042805,-1.563190808696657,1.484264966030224,0.8364452469574295,-0.2918112689155441,1
0.43100929561749446,-0.8259698383384265,0.5078357562896237,1.3940692313495493,1.2079629288300073,1.5284684264125317,1
-1.9795267498115792,-1.3592355381365013,-0.4281151609659125,-1.895067559303552,0.9673043646541907,-1.556581898659751,1
-0.16958625739981126,-0.6024059525571707,1.088748619704186,0.2627642734411473,0.6973259624464857,-0.372206776071053,1
-0.5297735321190724,0.41205003433267035,1.628396623128538,-1.1858502060823843,-0.7220815119789945,0.5689830791852754,0
1.4483188104558868,2.144345609451063,-1.3698029795790778,0.38063191605323743,-2.1616342868946044,-0.5574917850078336,0
1.3069795899554457,0.6378838881062172,1.5013336519554867,1.4782677079341031,-0.310482289916693,-1.4218106667418438,0
-0.7368505556837425,-1.0942678681680744,-1.1196698946261439,-0.19076024618509035,1.1039375663839652,-0.36244094140313216,1
1.6763689726578757,1.014947677512877,0.8177662992002871,1.7239262276241973,-0.6470453228244493,-0.025026958745143917,0
-0.8782649956016751,-1.026357397698359,1.9140313538667861,-0.4704927292770257,0.9643958472422814,-0.6237689606958051,1
0.47277298921595,1.3479425047179252,0.21915032766393897,-0.44258771058395807,-1.5249202425755102,-0.30777823495300083,0
0.19381717332855772,1.2854880474480022,0.1979107834626478,-0.8225683169522342,-1.551830580881362,1.7359638031652493,0
-0.3913366374011943,0.7333134842710304,-0.8169356709872361,-1.2512037072109794,-1.0757485985636006,1.2065089665083568,0
-1.6495133887909827,-0.3824777319040327,-0.7309300399419191,-2.235365821595987,-0.14246815861810802,-1.3793192280145272,0
-0.4809602738430137,-1.4709120664440853,2.1422703586118637,0.5374048701118042,1.6772976991608002,-0.02435459226098284,1
0.24237979151538838,-1.1065931574709602,0.06167984984797165,1.3456705119975316,1.491193061291242,-1.015821818978397,1
-2.1504649145788184,-0.8633081462919848,-1.3340254949182044,-2.5952248033539025,0.2753643157956186,0.1053755061459599,1
-2.454397432073,-2.9761644974766055,1.2477420726737338,-1.2204403798030201,2.8315398409511725,-0.2949496782920278,1
-0.7461114553058001,-0.12306582524784015,-0.3933388123273607,-1.0547903581506344,-0.12758318092690601,0.3686733088729012,0
-0.36124397598011027,-2.057449709384793,1.1486373494287152,1.2370233268000845,2.464365532448127,0.20056919723094285,1
-0.9743882123751032,-0.9218447044382668,-1.9982006845321076,-0.711680525130193,0.7957640865116002,0.07863519031609059,1
-2.3072028178403707,-0.6182238585036204,-1.1583646891925428,-3.053821926805167,-0.09401532549864833,-0.0036025390905684044,0
1.7485750466670082,1.3627445852275162,-0.20932367715186612,1.5321732757356457,-1.0594000000426773,1.4711703274936085,0
-0.47676263220035353,0.41264407293859334,0.3934853854217496,-1.1037784635934715,-0.702712105797819,0.6982233136135899,0
0.4711908151511175,-0.5261614405266329,-0.372833152091767,1.1944018212847185,0.8441307463919657,0.7223813578277714,1
-0.789230200112077,-2.161156136491399,1.173473857485325,0.6609391275544674,2.433049798832146,0.6628812686674127,1
0.6354755068235026,1.1497205463949371,-0.5554771191602547,-0.01569254729562497,-1.2125302973482395,-0.6231405264247644,0
-0.9775471408193822,-0.23070726407632414,-0.21398884422550896,-1.3212049306041345,-0.07932179448755361,0.9843223984765838,0
-1.957246270754271,-1.8032661243014019,0.647195939702741,-1.4719191777275542,1.5372014610646814,0.39922312260527926,1
-0.8117396999896399,0.6258885673363614,-0.38770155993598415,-1.812220368478972,-1.0994843830073027,-0.6127886904843862,0
0.9670753430377984,1.4535477407000532,-0.20358036010236177,0.23515647999882372,-1.4708348200088404,-0.3791277409874871,0
-1.7940208577634296,-1.2887879174546117,0.4241659464019164,-1.667675047760317,0.9486386716914941,-0.32034730819432017,1
1.2274303393167387,0.6789062424265193,-0.2711236010425688,1.3184432400617556,-0.39254497640536146,1.4926885689595217,1
-1.581566138525019,-0.8211311169120249,0.3649610024662254,-1.745772189583577,0.43796292898159617,0.15041890514357642,1
2.88801424742435,2.3037129771667937,-0.9730689408815555,2.484275269945984,-1.816698602476178,0.11958036841415326,0
0.733238182842597,-0.544036570932605,0.9039348410861953,1.618310758668307,0.9661936176835062,0.4365598041576678,1
-1.6934135334294353,-2.031754483497153,0.05194588580729943,-0.8609854667889628,1.9262452187916779,0.7276295436369798,1
1.1210187580657032,0.8628990364459365,-0.15852957302697002,0.9916973886007892,-0.6655778327466815,1.1965715016644913,0
0.8260217647013124,1.1802865539837746,0.1846803058649084,0.25444108344866156,-1.1788558519795291,-0.3653215513121087,0
-1.5733889712307003,-0.39049408258702045,0.7083564472993533,-2.1097507193035607,-0.10343878082036606,-1.0212328171307132,0
-1.820666796758097,-1.4639777417225701,0.7011727423108983,-1.5559346550115096,1.160038325828123,0.597400069849858,1
-0.34960162389077953,-1.368457528291855,-0.7991920066502536,0.652436093724258,1.597610047671587,-0.6459641791245353,1
-1.7359998604867632,-1.4519002313666607,-0.9683444548636353,-1.4345882263039302,1.176903006457525,0.5500520990245519,1
1.9012388090013745,1.1715798611866106,0.9278401280812372,1.9372543534255757,-0.7597436052732358,-0.643518230380143,0
-1.8553886175550944,-1.1683409360969403,-1.4400508825942944,-1.8686527820852303,0.7730508900195951,-1.0962750868952018,1
-0.10997807318699813,-1.120311335124467,1.3748764191481848,0.8086947328330035,1.3747996048320477,-0.18289644110484016,1
0.99383513953055,2.091512232500796,-0.0657502610729878,-0.2812389465816968,-2.26733206326868,1.5655240292343404,0
0.07751489651717969,0.14498116273722209,-0.45888426286894,-0.006059801467668602,-0.15389573079188712,1.6839276914578687,1
-0.9148429471079804,-0.21196112580742973,0.8949243769444413,-1.2399103040932977,-0.07922510493592116,-0.7184072655691974,1
-1.177941964649352,-0.5800736833678694,0.2811914239693758,-1.3277980716850901,0.2863627999262037,0.7589285897867651,1
0.4531412376152483,-0.4697009480270398,-0.4532280493272752,1.1168891453069252,0.7658902645532657,-0.17018462252492844,1
0.5042203205477338,-0.5749864303970548,-0.2813275571182134,1.2885738534376667,0.9184024555290512,0.7368438970924334,1
0.9986387087886014,1.891069703325724,0.19408999289830758,-0.09840905928947874,-2.0120656256543463,-0.44643361455052827,0
0.3536252232015231,1.2015428173491158,-0.13958962815517376,-0.5001513344018065,-1.3850328413235022,2.0883747047807275,1
1.720859740996649,1.9691540509911842,0.5296927543567308,0.9585093487555636,-1.8366747517060313,0.056649924897107164,0
0.6599681391876606,1.132749673114012,-0.48388583405432156,0.03731318404508022,-1.1817757269067615,-0.6514180036144483,0
-1.7200983832894927,-1.99915143864758,1.7495767431869393,-0.9310816176958198,1.8748929772381815,-1.4026052717996935,1
0.8840805762424044,1.3576052422183267,1.2360931752104374,0.189779878962808,-1.3810243873597974,-0.7355299425897666,0
0.20850599461624317,-0.5571850446022761,-1.7684393655628516,0.8122760386123881,0.7836543866464918,0.14088624691120394,1
-1.1378986511979037,-0.7413245496135108,-0.7542758500193579,-1.1243490075853886,0.5054499772835083,0.30263546523903323,1
-1.3282959651861543,-0.4946876280857814,-0.03722223650984159,-1.6367459951419696,0.12133158037975866,-0.07160125941406395,1
0.40936050277151714,-0.7615252903033969,0.8840453963610497,1.303964546749356,1.118261162319376,-2.4242402602729416,1
-1.8790817256082974,-0.9846231060993733,-1.6685840738775894,-2.066282057413545,0.5317618624807021,-0.2573765374233451,1
-0.32159919639914575,-1.069652509034722,0.9325908318730899,0.43467131073890963,1.230423927747724,0.22468472575188592,1
1.028290490747124,0.2115072183145846,-0.5290526773462948,1.4170595550808307,0.12285854659266426,-1.5625458568865427,1
-0.7904589152054744,-0.722332730733025,-0.08071658010858232,-0.5996490608937894,0.6133086474268636,0.7326400772155792,1
-2.251564111920722,-1.938549038944929,0.3287624103034804,-1.8121240563943761,1.5965460401761096,-0.06413834659299254,1
-2.017475193198074,-1.1536739635987625,0.42192075423528475,-2.1340155334777497,0.6929850295775195,0.32135721545027307,1
0.8498191225473927,1.6475502519109155,-1.0700847663261526,-0.11724184452892006,-1.7606402773147023,1.8466369960476658,0
-1.1978895994185668,-1.5904850201130898,-0.37061433208610595,-0.47497504027583537,1.5563742724509175,0.5436001545944323,1
-0.8714669010459645,-0.7480575384989017,2.2909425725907417,-0.7033562441252197,0.6150886314207589,-2.499405714873573,1
0.5194007325615744,1.403331942303827,1.1172958315881276,-0.4183956538610646,-1.5772579021154374,-0.0821511783925688,0
-0.09093758335462614,0.6055807574135191,0.43004164719106963,-0.6714397896187244,-0.8002232103114439,0.38193545223155334,1
-0.06627743270429366,-0.7792855117600845,1.8540925663341883,0.5784533915625201,0.9601870489524993,-1.024186824329205,1
1.3096615819564201,2.167047581952621,-0.7677975651041284,0.14474330545827274,-2.2429670377279702,-1.0041407667520679,0
-0.0492887677479006,0.8091433915060052,0.1866091231563581,-0.7846259402800817,-1.0418035596147492,0.6078965097165392,0
-1.088710436146695,0.19415546891679358,-0.6819842479977986,-1.8660655273033164,-0.6587185673562981,-0.24717738252059693,0
-0.4681951617977367,0.6384983373825704,-2.0417348684242906,-1.2880061939933825,-0.9850345723005142,0.20838280794755248,0
0.495349644738432,0.42189336386605436,1.6391168054440675,0.402688974784856,-0.34543760186628747,-0.8036745679697308,0
0.7421804052146955,2.2514686018687176,1.1692955904456728,-0.8132478699616246,-2.565100497690592,1.066674689589154,0
1.337593097782263,1.1161290707261708,-0.8848027140269009,1.1075978607774086,-0.9035648069312383,-0.4432822511915103,0
-0.6565248906833198,0.6956982262247059,-0.535235211560568,-1.6314635197837806,-1.1288405386255875,1.0495527153193351,0
0.24162968947167046,0.621374261024012,1.1890165311075518,-0.16711339238596,-0.6939654401072975,-0.6373871273065177,0
-0.810372217835346,-0.08364789752464559,-1.146345393018688,-1.189391697431685,-0.20181438820233333,1.633431532301096,1
-0.6807557010090495,0.5940624111638189,-0.6469367777055739,-1.5803049309216286,-1.0095272543762235,0.05963036992017413,0
1.8210600662997523,1.1038272450011173,0.3216978061960136,1.8716048051754388,-0.704508144172745,0.26739231407190295,0
1.6244543422578916,1.9379356926622162,-0.9206735930793662,0.8356185978836108,-1.8337927768894449,0.5387559924463692,0
-0.6402000316130125,-0.6844264122379102,-0.2246331499970246,-0.3987047384940957,0.6224106190553529,-0.9824873935383096,1
-1.801913628320037,-0.7928705493765547,-1.889540730945531,-2.113797501806996,0.3185958914167999,-0.4461834332147797,0
-0.6380681904435452,0.40552859667272695,0.27902152577033923,-1.3488692318412312,-0.7549393986676356,-0.0952955323869521,0
0.37528856143386896,-0.08307702189379998,-0.9594392367234797,0.6573778306174655,0.24748653420379607,-0.22648409884983192,1
-4.636177297851827,-3.0696524407074954,0.1200313267182613,-4.537888091563705,2.12164360099893,0.03800347816820029,1
0.23982143969022976,-0.44926889024932504,0.7348777860498175,0.766661364974291,0.659089130029857,0.49097495163825133,1
0.9254159844755107,-0.09439153680550975,-1.2242982362893657,1.5243786000662896,0.4705960908342408,-0.13845598398377382,1
-0.6621422327703612,0.4433408475133383,-0.6891878180895679,-1.4194547051113129,-0.811887312672574,2.0752608726252655,0
0.3084995023522912,0.49942389375108,0.5578103063518622,0.04375173714832692,-0.5143884212461194,1.3902075490173134,0
-0.0006952600935132954,-0.8804517358055899,2.0574954697116987,0.7691305270158972,1.1129954851978368,0.6191542610051978,1
-1.013002375568727,0.371444304240797,1.8467073257360336,-1.9032029462405324,-0.8541505063008714,0.6818914896263114,0
1.4920628510448242,0.6571873040755933,2.2105230015913513,1.7497423919015533,-0.264640720870557,0.9638791167949097,0
-1.046207787560269,-0.5993094620524424,0.9640871682883573,-1.1057278352345639,0.36068515700140724,-0.24415663529064868,1
-1.4435292896617464,-2.4975182025054394,-0.6716233679380516,-0.0642165985515003,2.6100100952076826,-0.5503051538454201,1
0.8844869385576767,1.2382051889648915,0.6748194921666038,0.2948634247980042,-1.229898526581645,-0.04946370965243295,0
0.73958633829394,1.2089073527944327,-0.5020542243526112,0.09473670321218242,-1.2478514617149716,0.4400144500533324,0
1.0036996985566387,1.1997020512036853,-0.14700200162848862,0.514280160686337,-1.1359667249538197,0.0438114719791096,0
0.45416608047445134,-0.4968805178922237,1.702214944635238,1.1422623787065087,0.8006455963699567,0.3088330125989638,1
-0.6157877755753062,-1.0633259173932277,-1.356581804623405,-0.02921129935593858,1.1107639035893149,0.2935579321666293,1
0.2714565653744658,-0.7513278214877434,-0.45709625658627184,1.0801884323801616,1.0530252509584788,1.66125921454787,1
1.336647926032084,0.9517510590361398,-1.6135613978767411,1.2499221463986203,-0.6960809686360145,-1.3719011429313563,0
-0.44081977393732985,-0.6233500819758768,-0.06259312789952241,-0.1414979078704922,0.6208602344371585,0.10420110395187607,1
0.18078431569104222,1.386756055197217,0.4924512640081491,-0.9314622413816362,-1.6848223913803102,0.1664522082130561,0
-1.197490095422029,-0.9153793386712994,-1.2276078151369925,-1.0649308958802282,0.7029098610364302,1.1894704889246406,1
-0.7123060603476336,-0.5752930687288909,0.49568188797260465,-0.6065156806531572,0.45705225217322554,0.8700677306887542,1
0.6342335412280002,1.2817312756981112,-1.0265152994110602,-0.13310971131345617,-1.3799184858372022,1.073631749859772,0
-0.20983373856270285,-1.05625886348383,-0.14760258629866868,0.5970861046745006,1.255909825511756,0.32316771418478146,1
1.4895220949238106,1.925474664747399,-0.998354040738791,0.636293913453617,-1.8692509500951835,1.5505004928140769,0
1.6218535305694275,2.122340576608097,1.4401172154494728,0.6702502575334444,-2.067944854503857,-0.08973569428722672,0
1.4378905065875367,1.9802435386910915,-0.5308687729203206,0.5079400149684619,-1.9580987177686864,2.5269324258736217,0
-0.22935890518669402,-1.1032374866675383,0.5863640187550933,0.6077623495359312,1.3078995984139035,-0.5286166817497568,1
-0.9678261484018053,-0.5426254003885999,-1.570500603623177,-1.0331954853777363,0.31876288135846464,0.918316606002313,1
0.21611037301353608,1.1333179099361006,1.188393273448084,-0.6547178367957631,-1.3509623775284019,-0.016422896072752075,0
0.8695837129807649,-0.3308438028286356,-2.8722622132816493,1.6442384607653215,0.7483793030094412,-1.169916835710288,1
1.4113136249263296,0.9061114240226504,-0.933267959073196,1.4061771704729695,-0.6100336809650269,-0.02730453950993186,0
0.9140038377386983,0.5189558188695239,-0.6057149230033384,0.9700459011022372,-0.30926312101870146,2.1573082132655035,0
-0.8436914282128916,0.12732481670836626,0.6329318177555108,-1.4258609213794524,-0.48121862218108746,-0.5522230442809712,0
1.9075049465533085,1.557019644690508,-2.59104229214491,1.609836700401277,-1.2447224192700281,-0.5765104007267194,0
-1.3392323599074296,-0.4159013925669812,0.45353430151397983,-1.7227066979921712,0.01756185802500443,1.613711269058647,1
1.465459323247171,1.2061563637053792,0.9567023167945841,1.228059136679838,-0.9688647860032863,0.7081086766885905,0
-0.4665357122406156,0.6732164006200229,-0.7001208149391732,-1.3157919059575782,-1.0283028788804995,0.132969674146876,0
0.33190775320044064,0.20230188898918594,-0.3091164642025014,0.3401424752811065,-0.1298171874091144,0.1920491164900316,0
1.134368269658332,0.9852957520092445,-0.05576907765770601,0.9054241420428658,-0.8152716262219886,-0.7050118557584089,0
-1.877745800787079,-0.2646293867970692,0.2606737658239071,-2.6940467405701556,-0.37810438727086937,0.4940301862827388,1
-0.3111262363042857,0.9565179619304031,-0.7982972445384537,-1.3214931645046124,-1.3275282373931916,-0.1769472274940494,0
-0.33942211991615845,0.5663315460163406,0.37721187506452086,-1.0242457063428274,-0.8449091807640476,-0.5589218472715883,0
-2.033887519980208,-2.0632604834289197,1.1727290192593647,-1.363885392040003,1.8368535901647718,-0.025554070991445278,1
1.6234648369322238,0.3880705437014031,-0.7699732310586418,2.18988941330955,0.1255096623946943,0.03408346825922607,0
0.09759430158521315,-1.0514248318263464,-0.27681329988892067,1.0718326558666442,1.3664832476949238,-0.221253623585772,1
0.27834192953126263,1.2616144430958969,1.0470983026121545,-0.6699935925260042,-1.4895626144178453,0.22445181855997204,1
0.2181009313070128,-0.9365071964814311,-1.86653661707306,1.1590537050771208,1.2669180949402514,-0.7168223206028049,1
-0.2147685780242295,-1.4227149969227078,-0.82688035403986,0.9099711507307687,1.7173906631136298,-0.877982586756561,1
-0.4260446721557272,-2.069185565755364,-0.5830774385689385,1.1463297814068767,2.454609176778085,0.8604734883597454,1
-1.8118928107838563,-1.6085313013997828,-1.0399059271255309,-1.4158101526773879,1.3461447111816947,1.1081828167375165,1
0.647879102451385,0.9883238088409113,-1.331232953557778,0.14482122387024965,-1.0037494537286236,-0.7859894605079495,0
-3.10193194452803,-2.8627360948257854,1.3757068133116195,-2.32853076861812,2.442344317936028,-0.29756350335999193,1
-0.7720065670913886,-0.6606400117785465,-1.0534155631736561,-0.6248685657507008,0.5423069081370957,0.6127739050625697,1
0.683956466726163,1.792501576034474,0.24333944932269183,-0.5024597060750635,-2.006873296848578,-0.045586016355497805,0
-1.372938331615996,0.40973721669478913,-0.5309969550018176,-2.4974844328239687,-1.039184039846793,-0.637739984251316,0
-1.0035649944090574,-1.708654530225192,-1.7397137787780996,-0.06884180117206484,1.779546731213143,1.1487657003721035,1
-1.1829168972458501,-0.12827768699843892,-0.047711356141979855,-1.7307774071514057,-0.2867846279765476,-0.966976143129213,0
0.0068402226648363205,0.5198628718798048,-0.5640786307367284,-0.44411571242815817,-0.6547279436723914,0.24380071377119883,0
-0.3234664746905353,0.8912359645613667,0.7462535660272207,-1.2836110654492932,-1.2496682703871538,-1.3598561409799192,0
0.052063248854408745,-1.4060823483559757,-1.2968319479558466,1.3111471213922696,1.7976372262272382,0.18102155870370695,1
-1.5008139482864715,-1.5961434724602586,-1.6453987469568918,-0.9419836064907388,1.4485526587309672,-1.389572466763596,1
0.044895272423280855,-0.5384536589453054,-1.2542894231692494,0.5409831312081455,0.6978709109185188,0.7942646796218271,1
1.5250545520212406,0.7849729704839273,-0.33708597111803934,1.6893576117057512,-0.41369312383149137,0.14866745720211155,0
0.6248831597218094,1.786655435823674,1.3291525301324314,-0.5893822209438998,-2.021902862320786,0.6427227598675439,0
0.07134827029561722,-0.4820467802563893,-0.07783719701280203,0.5328527227838582,0.6365893670145837,0.883109777147159,1
0.2942732447055692,-0.9160002989399753,0.08614388304637476,1.2597914678539746,1.2699003319582032,-0.8275902206487197,1
1.4847057965965906,2.096399069637637,-0.9716140385106515,0.4792664672241439,-2.0871989596327842,-1.3471262895296965,0
1.6078933173977956,0.9169883539273409,0.9343199112392737,1.7029348240266606,-0.5491739869549828,-2.553921134901955,0
1.2831038619185318,2.0548766542030137,1.7958776730955217,0.20149260207585473,-2.1112161519441477,1.5475052013300616,0
-1.7552854135957368,-1.168192614895684,0.4363236696740321,-1.7128209444256137,0.8108579599928607,1.7275431701007113,1
-0.7791760415237862,-1.3426474454022954,1.3641404299738442,-0.039422767705216355,1.4019284500298506,0.22391413406466143,1
0.9732730504841708,0.0625962416519271,0.5159392177040995,1.4616083493517813,0.29026221459239065,0.06699071722487192,1
0.2664028616899449,-0.23894720304582903,1.772251596669744,0.6240873172347523,0.40324361429679856,-0.027514905050636255,1
-2.0024667022338374,-0.9427123097484901,0.015579047581467534,-2.295180138713305,0.43193777151809676,-0.1730718242838696,1
1.8524368306926116,1.1667373162982309,1.2187618516973167,1.8654567113794116,-0.7721436072886969,1.5307508323436974,0
-2.221365838593192,-0.5045949666512654,0.47704082722312147,-3.0194890839875486,-0.20510998513852186,-0.04692057887918407,1
2.3669656256883425,1.8931393145876465,2.1451491277733883,2.0316446796879823,-1.49532799860162,-0.8353470532597573,0
-0.870689177918148,-1.813777010991369,-1.2829922241885696,0.23014027577236607,1.9628991288739974,0.07682189106025536,1
-0.668818873519605,0.5388783827284621,0.31978193414253697,-1.5134326110356953,-0.935220878271422,-0.6013676439512137,1
-0.08379468774357146,0.4947857705133892,-0.19634984908497827,-0.5633883302857574,-0.6574208730022901,-0.2590421458207031,1
1.5456438378463,1.5661384703414154,-0.1524698363805439,1.0380771218453664,-1.3935984008211406,0.1335409047822823,0
-1.8786434146739053,-1.4922596089089442,0.3464884758979927,-1.6215218839832373,1.1737931594922526,0.9163276747024814,1
0.6076073421617109,-0.2357895543379529,-0.43745830032341043,1.1529243206214184,0.528756681964536,-0.8874921778021001,1
-0.43806428370149625,0.42201079420409476,1.0654803750653512,-1.0516800787589056,-0.6998674326342285,0.08228398927542419,0
-1.4946137457892272,0.12260511779385591,0.5072740311072977,-2.435874307024333,-0.7223113680557216,0.820482181197364,0
0.9869815645322845,1.176846018497153,0.334456789987025,0.5082274913101219,-1.1134125777509902,0.28586539072490497,0
-0.07806555682195271,1.2058912016790027,0.5366527525272862,-1.176532943749978,-1.5543811470576827,-1.0469109826819396,0
0.11094992224050931,0.849004458035301,-0.6919080698812444,-0.5698430016451885,-1.03138532808575,-1.5255251709247388,0
0.04481057275995668,1.2848903009645232,0.3520553965142968,-1.0541988811112746,-1.6076308878899563,-0.24123605785632987,0
-1.413760592048811,-1.5199555379986183,0.23878915902651351,-0.8730025200591507,1.3852607157141272,1.0302834540318422,1
-1.244433669655925,0.09642629754579583,0.2237879516388985,-2.023190687641753,-0.5942534410985758,-0.5176112990361714,0
0.763416913292603,-0.21772324844148613,-0.6097829043193822,1.3798725790102444,0.5650515183555875,1.196631486645651,1
-2.240150231200113,-2.0846656138870068,-0.03850846950070721,-1.6665192609310657,1.7856307144158357,1.0786808334312956,1
1.0359861810647408,0.696900591834833,-0.48791140814570266,1.0044303726151036,-0.48796083264943124,0.6779258713392691,0
2.076367683100374,2.006845905041762,-1.4848979684499035,1.4794209493313213,-1.7493984270846106,0.9495541354413237,0
1.2327362812556677,1.350666784970764,-0.5707462937494763,0.7390579606788166,-1.2399174726140232,1.4205042479898549,0
-0.4870404853422576,-1.2736064918312031,0.6931056072631441,0.35533015255355394,1.4255131294509404,0.42881650033057295,1
-0.642866862176657,-1.5476981048364826,-0.8392096673390064,0.3523250702153098,1.7129350233084695,-0.3649527295428853,1
2.355734529553091,2.207015716124113,0.0760053914124115,1.7395694025165838,-1.896461907515352,0.5583269125217224,0
-2.289929269135556,-0.30294246734405933,1.8811570694405901,-3.3027158168055206,-0.4861066661964366,-0.5551995266931984,0
0.5028468640764325,1.4250713162907969,-0.7534178703461835,-0.46320418292715093,-1.611028659942598,0.032004149065766624,0
-1.3194888853376328,-1.056379020555672,0.9407711879882159,-1.1316603291072376,0.834887277375201,-0.9896281365703375,1
0.061550526853135605,0.7194435042515155,-0.35929209078705954,-0.5334685294258394,-0.8863158314673968,0.5839281853259639,0
-1.841301506089372,-1.0846060503789687,1.1870303055603801,-1.9199557118941013,0.6725217848074128,1.1055259329579838,1
-1.0192086770606195,-1.4924792312619422,1.0098170893426341,-0.2823236013384943,1.5002730774369548,1.642015160136369,1
-2.928770578234734,-2.04744189451487,0.04059169120388238,-2.7719583199817426,1.477195486349192,0.04886007032570433,1
1.893747009503699,1.697312728556078,-0.12982069973342616,1.4656742006033157,-1.427333461104682,-0.1852876588777083,0
0.6164369700115815,0.6350762722802856,1.7117084801423434,0.4048528975125255,-0.5690307683330847,-0.172946059923423,0
-2.083422966820163,-2.4580048601657087,0.3465038817307158,-1.0957420663434114,2.317174246958627,-0.46770120131189136,1
1.09636220137114,0.38930990770657,0.38115838488277776,1.3675751257958235,-0.0761215290013526,0.7533416211045325,1
1.042057863567379,0.5858019082739591,2.165002344901084,1.1110785453687972,-0.3451810793274237,0.45588777208160763,0
-1.5700994286556538,-0.6883344576702819,-1.5231869047837747,-1.844076662786875,0.27440462971993584,1.1950466289248425,0
-0.5980313426415742,-1.938258974029194,-0.8031789506803448,0.7638394056895086,2.223784890308411,0.9135846262332494,1
-1.5067999242530026,-1.8123225191438854,-0.32483138350862245,-0.7621977080416275,1.7196214194162271,0.9817654869915943,1
1.451231938746708,1.770005543053477,-1.2239402667622565,0.7126409742249651,-1.687206128828157,-0.6492775450660071,0
0.6748212986744383,-0.4891487230214578,-0.12174750838328353,1.4792812376043172,0.8746200283490995,-0.08268068584269925,1
0.08125426633764803,0.9212867082850188,-1.515744114997232,-0.6793411364578916,-1.134051451642635,0.2029230208512997,0
-0.37688455881819216,-0.5308130959729889,0.8836599374866724,-0.12283711866184144,0.5281216580070229,-0.17262729994081963,1
1.4986943267615487,0.9039288883735235,2.5797093376543185,1.5442262678061105,-0.574108314175759,-0.08828204835125482,0
1.2505219791010154,0.9860156352236487,-0.6777153697521061,1.085762796010348,-0.772095210034465,0.4599721429391164,0
-1.4742987827509781,-0.7668172599350549,0.440474737960399,-1.626162223001272,0.4100012841635,-1.5929937335316693,1
0.014732491982855365,1.0616316390278564,0.3824097461840506,-0.9057554698642023,-1.3367547954487091,-1.1227220215622986,0
0.007068445165464491,-0.8211948367320232,0.3946715298229811,0.7293888717655472,1.0410167201154032,1.6699045043514062,1
0.4121941852870242,-0.49983169819973716,-0.8505204542093001,1.079451506430334,0.7884465061787223,-0.20902325728602528,1
1.9325007817332123,1.285997061717055,-0.7567950885694608,1.885869294356016,-0.8925491999516174,0.9960476858058164,0
-2.3989907291429646,-0.5681268194649314,-0.09917586377938291,-3.24065280357365,-0.19219744763387892,0.650201177958661,0
-2.0322808852923977,-2.0184338074230537,0.21743287317972287,-1.400596342089673,1.7807837214964337,-0.19068240076334658,1
0.33098651322804745,-0.4511086548862272,-0.810252437014381,0.9103066895590933,0.6960174657193239,-0.7345915767980492,1
0.9971852881251269,0.11281895709860024,0.5820977034686158,1.4549292841339982,0.23583568378718156,1.221033695525353,1
2.0582507997683193,1.281952706814072,-0.9039076414647897,2.085326799571967,-0.8397064724236958,-0.11122606134870032,0
-0.23315372527629444,-1.1742843274347634,0.3673655068161781,0.6640013277264466,1.396292190467497,-0.22647889190152676,1
0.038179824160029234,-1.0430764944646644,-0.03564148229748357,0.9719613533404812,1.3333764308860703,0.46642998243352635,1
0.4772872918486688,-0.41605426513505317,2.5581992856682523,1.1075791025985073,0.7072231524254922,-0.5518581458924467,1
-1.4843672320371015,-1.7420067978314178,1.3800913541474515,-0.7887591543978756,1.6392273543482938,1.4765403497258958,1
-0.4288892493534429,-2.114780669316461,0.014688194729197093,1.1817842228633442,2.5111807928774,-0.1340171666729177,1
0.24439321601729436,-0.7191166615958797,0.648280433843859,1.009845394789499,1.0020248548119128,-0.78489831308224,1
1.206044084528705,1.5797658537035757,1.5774532797634744,0.49705685360798224,-1.5397256906383143,0.24938368371075526,0
-0.24680087101036868,-1.0917618542815335,0.12557645347154225,0.5705488155960139,1.2867694230706774,-0.15005558703252672,1
0.6950349357988013,-0.17904789356575543,0.30179189981946597,1.2394999521755925,0.4901950086393394,-0.9983854391882915,1
0.9016607051488319,1.2457529849142648,-0.30246968648812833,0.31501752443054554,-1.2329237202331935,-0.6134026635409398,0
0.877621638989757,0.9402783682143572,-0.09888965319114267,0.5447917786064489,-0.8558001274148697,0.08182935854756501,0
-1.11357584047442,-1.4900693403028251,0.5639091200523596,-0.43145655041412523,1.4614084962818708,1.3842728185105182,1
0.04296617217515722,1.2874528765630313,0.9246336829127688,-1.0593141972227367,-1.61157110595554,1.3993554365860021,0
-0.29748545544657595,0.2237724765555795,0.42545756178496474,-0.6592394884481283,-0.3958539456839798,0.7858001586508322,0
1.1662269830577352,0.1587236479211182,-1.2096410186912054,1.6781404492494842,0.2419534646919328,1.2276689924732922,0
-1.0567638340802732,-1.0295859663225055,-0.28067507686677406,-0.7457710077414582,0.9007280919266747,-0.7539645888666763,1
1.9924765650293395,2.019559446822222,0.9920423495365228,1.3375961920564385,-1.7973149049666877,-0.6680904536430488,0
1.9016661667174914,1.674879048885444,-1.3118362323501596,1.497637155145419,-1.3959621529239792,0.010352619843380607,0
-0.827884280840972,-2.1508546774849604,-0.429405541125253,0.5917041094709852,2.405353118683381,0.12522450264790727,1
1.23028027750176,1.50216937913707,0.41379909745149823,0.6026979523974165,-1.4324123271741862,0.6337768809320985,0
2.848734516955603,1.4708994251396668,-1.5558956462036273,3.1516172958290865,-0.7785826182735868,0.2337859117907477,0
-0.809855080405,0.2310036624388784,1.8009404329108156,-1.4638412370565006,-0.5994693281259604,-0.6763923020592697,0
-2.2277777715154325,-1.136784185432236,-0.573700003938579,-2.4764436973036537,0.5918080175020355,0.5228354880354996,1
1.9400588511927876,1.330116586106118,-0.3164084496948019,1.8590493388995153,-0.9454660399392777,-1.092312764672579,0
