F1,F2,F3,F4,F5,F6,F7,F8,Label
-2.1674416472755906,10.890456967414208,5.5903026744141515,1.3962660282783288,7.569886166453519,-9.221653241776254,8.696059201056602,13.556378588049508,0
-5.850471553825626,-6.407512110862903,-8.582298022322135,8.306213899444217,4.134349032237009,18.76795812558066,-7.73789199103573,-12.44654703311417,1
-6.861193258085877,-6.532527887914275,-9.378087436945371,6.54521819009639,-17.787202489042787,14.96044311489183,6.543656563540577,-0.5558467091045507,1
-7.975902278046472,-8.32016047587024,-7.243822693411039,6.476561567180376,2.7996862631982027,-11.254890472983766,24.457519796168263,1.292211819752275,1
-7.881247201046186,-7.161209886161902,-7.0406412297864875,7.964365776765713,1.093947946048929,7.2576662389869195,4.810092317367133,2.238840242791314,1
-2.6609827180883334,9.602603334682899,4.920870703963134,1.3504701641201382,-7.904744554453119,4.7146835713599575,18.820244964750337,13.454200461549776,0
-4.433875211534444,-6.7508884113007195,-8.728932962031118,8.049289539397396,15.931866266393971,-5.112156764311852,-9.896048202585808,-1.2578692009964816,1
-5.984433971123538,-6.244937791593977,-7.788775041316676,6.788287703938135,0.5572491228869461,10.941915184709485,-16.924646297148193,15.295503194606137,1
-2.1425993769559017,8.074406341870967,4.1260119188914075,0.9139561620517804,-1.5800789857898943,-4.2688106994742006,-10.121043752601675,-16.548566718657693,0
-2.1768836110731584,8.265799591641768,6.1910308117506245,2.0888443182335905,8.231705839619146,0.7331796718840389,-12.899608997410539,-12.95078772063616,0
-7.633591780017946,-7.1607846701427205,-10.531284570831396,7.2251832887039535,-3.3578469929012824,16.69021525289393,-2.595913513636048,-15.031429531181061,1
-6.590458547243452,-4.424809453365052,-9.476067740887327,6.792525960496885,-2.4574306408594433,-2.7272356974767047,-26.968866429415716,-0.5429486651781221,1
-7.187405426104271,-6.660959265612008,-8.588944072925255,8.900976195262178,-2.3093453020867796,6.962063648134183,18.489560949453452,11.265650295477574,1
-6.655175372591298,-5.8330112906637925,-7.154400065178142,6.864638652629763,-2.688886905548306,-11.065259087416702,25.733598032498605,0.5921843401448825,1
-5.3000550454205575,-7.402969620429215,-9.258514573731867,7.041738306638196,0.13929291912946204,-0.24125087110003277,1.9808476076785495,-1.4436041192394247,1
-6.229426013192609,-6.9792854570553295,-6.9916907605883445,6.253438149172551,-5.736620068802363,-5.468589412403921,-0.32753270215998387,-5.434247711337649,1
-4.30626738790141,-6.820891159261459,-8.824398464723064,7.2993978283887,-7.128457826771644,1.0643022769189683,-2.549772174208553,15.039929885826886,1
-2.617957771509608,9.415997850297263,5.330022827939214,1.5719492120548957,-26.509698083930118,10.915068519224619,12.460851924976291,-20.733902324081495,0
-2.571876720325922,9.96942844869956,3.6541527898925574,2.477216199458576,-3.4268759408034875,-3.7144086599579147,-14.075116947178213,-7.778166875908753,0
-2.9841429342137062,8.360956895624609,6.405333076509198,2.3781513949016877,-11.105758454658288,17.52270443423623,9.356783931474611,12.715550949941587,0
-2.065378194906522,9.788920181627658,3.7129483646500185,1.913644327878932,7.216720640432351,-11.290517712172292,-5.245202662797737,4.89374561227918,0
-2.8244668676930957,9.773255348691588,3.8670536216905296,1.7363510772007231,-12.221278088919455,7.129984301723881,-2.4032539815813503,-3.7482080754959752,0
-2.5171702643693674,10.494230267088348,4.71724714387572,1.1118854826124682,7.109599682034915,4.4426331148603975,-3.609661658190799,11.59329803364248,0
-6.914615681648232,-5.109308957640437,-9.465294814423778,9.135971473495632,-10.810633275998974,6.159356069442637,5.931012579683838,-3.0954643931399026,1
-3.2395642547698866,9.230744717780297,4.685450676131915,1.3215693363349148,3.2613302224211798,-12.51113576385303,9.24027019206901,-1.8490213644298903,0
-7.134604408572125,-5.376116604693258,-11.489297565029023,8.415029767421165,-5.227230205190395,10.490092258368893,-7.043436905427592,-14.084612963635596,1
-1.8706051642753763,7.352766065929361,4.573799037580785,0.7621534841782753,-15.566291735239037,6.060099513456397,-12.80429352496283,17.547941819843647,0
-2.186479062714661,8.187055184645999,5.159225350469273,3.5059085969433097,-20.81929407883722,16.964563682900383,2.1101746720261843,-0.9671311187039239,0
-6.757329688118986,-6.336811564239559,-8.789467686310307,7.364114606702586,-5.449190868089497,3.9913611435207086,-0.37634702424848365,11.033018820165214,1
-1.471657678794851,8.504269729343575,4.37000390093473,0.9944059681584246,1.1422764866203965,1.503017614618776,-3.6361221221385587,-0.5694562372106746,0
-0.35601516554119383,8.246938565310272,5.5121994729487795,2.1565116896790837,3.0780176889205917,-17.101683926566256,-13.48185422105713,7.43264094022715,0
-0.9299848075453587,9.78172085735123,4.170404450293149,2.5157297275266965,1.7086543812794186,-1.8398333635267914,0.1843393306539316,3.4758170536167103,0
-4.997602694676236,-5.534689547120969,-7.245141129996613,6.812307239067518,-5.397596803093615,-7.783047254023127,1.9584525509768156,-9.78372777615032,1
-1.3510867495526824,9.805948822161257,5.2639986532802565,2.601515193205012,4.082527557144719,-17.025836042378405,10.291556373256437,4.7259748241304305,0
-6.257817228934074,-8.450334313166403,-9.565464932460879,7.076004279947198,2.560297343138757,9.826909839455139,16.654744444625766,10.143700650181305,1
-5.955600171944369,-7.065011729718936,-9.36105077715505,8.372532141335592,-18.408742313316452,-12.795769667357016,-6.248185776956788,0.2609105021083379,1
-3.6155325970587784,7.818079504117651,5.452404658622299,3.3294097125115547,5.17659020469123,-7.257438131534656,1.8676676447707832,-7.5538293235332254,0
-8.224077702185546,-7.798761539760145,-9.842468523388078,6.5557253503945745,-6.115178029919482,-14.066610968482223,-9.232332461109042,-13.516846056163336,1
-2.3360166972015683,9.399603507927159,3.7560214000269685,2.12689478988626,-9.758732529773328,10.536417966078396,-9.49398888831943,26.323820648373907,0
-1.2315327272643253,8.422714739362492,5.186976217398139,1.7709770315068378,4.933179008808892,1.848361236948739,-8.583577801812135,7.003098794089913,0
-6.282227121301412,-6.178936850965048,-9.135891259996002,8.699229728810323,-5.756378262377739,1.2200981464536145,25.600845382687947,-0.9605989972464988,1
-7.450806180934067,-6.307526811919788,-7.438972320050008,8.248156598411471,11.492733262856758,-7.031764251258874,-0.349884904969617,17.7080063563551,1
-1.9941623558440904,9.52807207911053,5.154926522534149,5.825901174595453,-6.269670577877674,18.12448557996929,7.077519354554754,-5.624667758942676,0
-4.547322158230604,8.006199817280917,2.7690869152022457,1.6216561998994234,6.3240773905552095,9.725544496267299,6.218099622171964,-15.702247198904564,0
-8.47262092468294,-6.439634855315548,-8.857965555562691,7.876012869915851,-7.271371758248685,-2.4751863555150475,-0.7443342910004629,6.20672097550678,1
-2.4121200737047097,9.98293111873121,3.937825742350749,1.6455075373429637,1.7770100093325383,-13.353443587101012,3.801978510059632,6.105857452838231,0
-7.070309591914617,-6.662676720096224,-7.968260025947256,7.819204803471308,5.597904479310398,10.807807255546217,8.33922154548904,4.591800792284367,1
-6.8960500872240225,-5.691716319827862,-6.311395330762389,6.792654142578383,-0.7016571145864703,-16.609609335159913,4.296182191325858,2.0768768716311117,1
-8.227812613256983,-6.136845499253232,-8.667462318508068,7.139539579146024,2.7157883719537343,-12.767485758203094,-10.810565404082624,10.531528533329036,1
-5.730861490779167,-8.619823372054046,-9.200768698039143,6.203853020872559,-0.3955515385665504,6.815006973726244,0.2831837613046117,0.2975613949574519,1
-3.085968953621083,9.769677354024077,5.140796023852483,0.995614439142181,9.382838059759976,-5.160447282173739,0.9612077694098337,-4.622752887050424,0
-1.6963355042137902,9.643914970121934,3.8108838253060293,1.4129886437437624,-4.344962274323156,-3.0917212346863936,2.2213377163371284,-4.787486216634774,0
-3.170984087821138,9.866719462994546,3.847358097795401,1.858433242473833,12.557561255735209,-8.946073022195039,-1.8687164416135904,-4.397310582741749,0
-8.169588090892324,-8.175188365339563,-9.174112455926139,8.992544440788096,14.469778843537329,1.9655477651157462,10.318445394686348,-14.855603730369719,1
-6.729208286007694,-6.515148590809721,-6.434912171397736,7.265904118465118,2.6705026586925884,8.89630795623437,0.8228398927542419,10.654803750653512,1
-8.002349212713568,-6.497699847091896,-8.671875548422955,7.815974179506853,-5.172884501003722,14.093474401855799,22.9889812361925,-3.6283856043965907,1
-1.3663748085377296,9.766219160885095,5.430910783271148,1.063782229145993,-4.455025214007718,14.533844771177009,15.795721457307124,-5.228600271532683,0
-3.039455241425191,8.221413295935978,4.532848476273544,0.9379273615213579,-4.201868170958573,-2.817846088605072,-13.44450511034277,-9.186519464841982,0
-2.1982900574547455,10.489642345147873,5.497538459430121,1.813231153977305,-10.041407667520678,-7.677975651041285,-0.3468488738678118,2.3421473253652074,0
-2.2587047727068734,9.360734337695297,3.9598541146496107,2.2054233811017356,15.50500492814077,-9.98354040738791,9.843223984765837,-2.1398884422550895,0
-2.147802017544336,10.55232269466429,4.6040527971181495,3.537813339754738,-0.4946370965243295,6.7481949216660375,-11.227220215622985,3.824097461840506,0
-1.3506020440453461,8.19360380984661,5.6032549654724235,2.3859506108772304,1.6645220821305609,4.924512640081491,2.891686439078181,24.553001399108943,0
-3.7005011202553986,9.670839736832152,3.66519716600078,2.760254287683184,-6.377399842513159,-5.3099695500181765,-6.231405264247644,-5.554771191602547,0
-4.58072906753202,-7.242948153715606,-9.283830278036783,8.776907392616405,-6.373871273065177,11.890165311075517,14.205042479898548,-5.707462937494762,1
-3.417221698573961,7.60198242686303,6.105527605149655,1.7473933834541964,-8.323555731042287,4.714155563864041,-5.522230442809713,6.329318177555107,0
-5.3762288893841195,-6.002747302700275,-9.059291930465674,7.350408754493234,2.029230208512997,-15.15744114997232,15.475052013300616,17.95877673095522,1
-2.4226078355798504,8.858608892806242,5.807660897887908,2.227590527241945,-6.127886904843862,-3.8770155993598414,2.8586539072490496,3.34456789987025,0
-3.7700815773877956,9.932148075253098,6.762035033240735,3.005634944491879,6.585442726728305,20.102045387663495,-1.7694722749404939,-7.982972445384537,0
-2.7015585878338726,9.315833470531935,4.605167066522858,0.8044916463212,-13.793192280145272,-7.3093003994191905,-0.33126972873797095,17.945578635177878,0
-7.868218298302187,-7.983698910491718,-8.658433605482532,8.715525201843302,-5.176112990361714,2.237879516388985,-0.16422896072752075,11.88393273448084,1
-6.655713057086609,-5.515969163302103,-8.713103253988104,6.89411737437345,25.269324258736216,-5.308687729203206,-4.894394425182221,10.44160877069072,1
-2.4449176039572875,7.936541350269016,3.9245751269681333,2.652767432875408,6.818914896263114,18.467073257360337,5.839281853259639,-3.5929209078705955,0
-6.851308815020809,-6.850353453780201,-7.900043950660013,6.80747818728133,5.906548306923093,11.087035805829078,8.204821811973641,5.072740311072978,1
-7.4318502354322415,-6.247177775520436,-8.63540473578471,5.807778800501471,10.666746895891539,11.692955904456728,13.821589910375272,6.487098875896427,1
-8.174308666872175,-5.719282805897427,-9.306028957947902,7.6700267972294185,-1.6711808031685436,1.4671368643332283,12.065089665083569,-8.16935670987236,1
-1.534077889634999,8.867228746696183,3.81438163943559,1.6517838422877387,3.686733088729012,-3.9333881232736068,0.2874482293481749,12.784518626072988,0
-2.238740797272911,8.964048018749185,4.400930789361691,1.0656060218991341,1.9109906801990335,0.4643654815614881,-13.598561409799192,7.4625356602722075,0
-1.6956804056830803,7.7834218117643665,4.867338770832231,3.2803124382231603,6.454841811410754,21.632547233054602,-3.0777823495300085,2.1915032766393896,0
-7.119952589309405,-7.254930400825544,-8.127367788432519,7.767786226984743,2.4938368371075526,15.774532797634745,-0.952955323869521,2.7902152577033923,1
-0.3193946898350779,8.20598784284317,3.800156994047325,1.3737770384967098,6.078965097165392,1.8660912315635811,-4.464336145505283,1.9408999289830757,0
-8.160056543647553,-5.125315411291582,-10.920257164519732,9.019979283788741,10.736317498597721,-10.265152994110602,1.32969674146876,-7.001208149391732,1
-2.528213830955439,8.011756763560513,4.621365700235711,1.6845110450205936,11.950466289248425,-15.231869047837748,-5.589218472715883,3.7721187506452085,0
-7.869232011409851,-7.005896513375594,-8.782602844347316,8.417714433969651,15.655240292343404,-0.657502610729878,-5.551995266931984,18.8115706944059,1
-2.2325068237227312,9.841469377234345,4.652880728106008,3.426703761098049,-14.48013900416244,-21.988059566200818,4.400144500533324,-5.020542243526112,0
-4.115643943310323,9.217749764065545,3.883528090943798,0.5509159743430578,-10.212328171307131,7.083564472993533,2.4380071377119883,-5.640786307367284,0
-7.505189892660799,-6.484306059838538,-8.344297570353271,7.58419668132261,-12.803043986708945,8.724573282801448,6.50201177958661,-0.9917586377938291,1
-4.028567589006764,8.530052055332071,5.906789985414724,1.2655002183219513,18.46636996047666,-10.700847663261525,-15.25525170924739,-6.9190806988124445,0
-5.562233125516944,-6.682509988583547,-6.763066884010745,6.634335097409135,-0.45586016355497805,2.4333944932269183,-2.4123605785632987,3.520553965142968,1
-5.128942727142494,9.836188632573545,4.726925904466273,1.6741623334748645,-12.51539424190444,14.437646040732595,-0.821511783925688,11.172958315881276,0
-2.4098653176235243,9.76567325157011,2.9704735551067296,2.516529876320667,3.427253463777041,4.567532191537839,5.697672802322039,4.477085600173149,0
-6.336027036556838,-7.250723925362053,-8.066629045987666,4.474980294868628,6.427227598675439,13.291525301324313,1.9652116970147013,7.090037575885123,1
-6.171875255695794,-7.442576369170214,-8.205920017580489,8.296077365125432,-0.8973569428722672,14.401172154494727,-6.7639230205926975,18.009404329108158,1
-3.6924561357185253,6.975053950438221,4.3704720017835434,2.690711939736694,-0.4015795064434341,-14.307751021180481,1.2810441491078928,-6.810516574748808,0
-6.2668532860887005,-7.933525156449603,-9.462096717331816,9.23755426936549,8.40643548988724,-6.526239793023909,-4.461834332147797,-18.895407309455308,1
-5.030671096205925,-5.753544563728189,-9.10721644719084,6.216997006757033,-4.523063192490767,-24.238793266289566,-15.839028234857233,7.604146561442974,1
-6.059145009953906,-6.372835562168649,-7.771653067046857,8.492818505944376,7.858001586508322,4.254575617849648,-9.66976143129213,-0.47711356141979855,1
-6.917261893576119,-5.776807711259425,-8.724100107973971,7.4738246769605805,-0.036025390905684046,-11.583646891925428,15.033983017671506,8.773622905756714,1
-3.5800901211138623,9.496758543441507,4.41641605090225,2.687170178032824,-2.2096417382966393,0.2688583899453078,2.083828079475525,-20.417348684242906,0
-5.14366338798602,-6.682198809813299,-9.48974576025046,6.839637081444382,-2.471773825205969,-6.819842479977986,-10.016200098949156,-2.811002928859549,1
-2.1850312705643082,8.884143073830638,4.73687480122082,2.5683267093776454,17.976865268495224,6.4084286126700984,-5.711789897827968,5.725827813561586,0
-6.9749227235382225,-6.601088067505607,-8.230431246919471,7.510132038655061,13.993554365860021,9.246336829127689,0.5963036992017413,-6.469367777055739,1
-6.671244383203717,-8.921844461700237,-9.085505139156608,6.641538667500905,6.982233136135899,3.9348538542174962,8.951932200277323,6.351718016819695,1
-7.737984971332484,-6.179799713866955,-9.413965582873784,7.445532730144064,10.49552715319335,-5.3523521156056795,13.173940656343257,1.9759960469239966,1
-1.593795505350676,9.343037237858006,4.110118632461063,2.486437117054088,20.752608726252653,-6.891878180895679,17.359638031652494,1.9791078346264779,0
-7.9606837315595325,-5.826956739943043,-8.877882910492666,8.005023612871328,-6.5141800361444835,-4.838858340543216,-3.203473081943202,4.241659464019164,1
-6.657493419517557,-7.358858214939424,-7.582571631062489,6.428915613279199,5.228354880354996,-5.73700003938579,-0.2435459226098284,21.422703586118637,1
-6.14698711393569,-6.960826173384529,-8.75969256631992,5.325322230966595,17.275431701007115,4.363236696740321,0.3800347816820029,1.200313267182613,1
-3.384815876437507,7.631486397233985,5.566056383759743,3.8825863244108625,6.135179727304166,-10.227925651984055,-2.573765374233451,-16.685840738775894,0
-2.437631385833358,8.536628681433205,5.118858661974493,2.3068317892276804,3.992231226052793,6.47195939702741,-4.83186462299374,15.739867632900328,0
-1.68713746305826,10.911079110852269,4.394490720225231,1.2194335195832424,-12.257656630023412,-14.643748802098202,2.2445181855997203,10.470983026121544,0
-2.623737468305368,10.252102440171782,3.0454511774337343,1.3737946609869591,16.839276914578686,-4.588842628689401,10.786808334312957,-0.3850846950070721,0
-7.243239403365126,-6.937055216997014,-8.530525987743951,5.613354522842077,-1.7262729994081962,8.836599374866724,6.523228784134196,-15.763921569842495,1
-1.9383071123595832,10.14985176837892,5.593880599721304,2.62456093524653,14.765403497258959,13.800913541474515,-6.255627015095294,3.9580353343740904,0
-2.784249320204394,6.712364963462736,3.124687774029549,3.3400439513852564,4.940301862827388,2.606737658239071,-5.503051538454201,-6.716233679380515,0
-6.746657517004394,-7.58023040821512,-7.643281127711168,5.800336010714928,-0.25554070991445277,11.727290192593646,5.436001545944324,-3.7061433208610595,1
-1.9793934451374673,10.455854748856222,2.168234336100812,1.176274428470255,7.716987106483447,-28.485426206300755,11.487657003721035,-17.397137787780995,0
-4.576639723092627,8.925166088685533,3.335409335723248,2.6428422327707706,-3.6244094140313217,-11.196698946261439,-12.946814757209058,11.608267873785195,0
-8.28713888586909,-7.657926280866822,-9.94890360210184,9.075793358922326,-4.6770120131189135,3.465038817307158,-0.4692057887918407,4.770408272231215,1
-3.1610337308549092,9.061684799514735,3.779465470944149,1.5886141397109066,0.7682189106025537,-12.829922241885697,9.9626681944714,-4.937565831613125,0
-4.633093347362557,8.488531106517561,3.880746174674403,2.1235634704169395,-15.56581898659751,-4.281151609659125,15.007597906343108,8.50221742113493,0
-8.57209182086609,-5.350559273815333,-8.996335655214999,6.896641845551283,-3.486521344078592,-3.492577043184288,-3.2163505121738263,20.76747983560841,1
-3.4286218572865534,10.564220533215861,3.856625543891864,1.6511081677350563,3.8193545223155336,4.3004164719106965,10.302834540318422,2.387891590265135,0
-2.9945611708818536,9.096160267584644,6.95453740290161,0.10590449134898394,-2.590421458207031,-1.9634984908497826,-0.7160125941406394,-0.3722223650984159,0
-3.101591547291619,8.150295358518505,4.688400464172928,1.1422195675296942,7.276295436369798,0.5194588580729943,7.326400772155792,-0.8071658010858231,0
-6.635826477380071,-7.444188224012675,-10.118632155306905,8.195980243778848,0.7863519031609059,-19.982006845321077,9.163276747024815,3.464884758979927,1
-2.8519121395795195,8.212008858976702,4.478593124562092,2.3772205407552702,9.980101098596522,-28.962553781936894,20.883747047807276,-1.3958962815517375,0
-6.77425168500531,-8.214135088194151,-9.439695400587224,7.64330484964124,11.081828167375164,-10.39905927125531,6.127739050625697,-10.534155631736562,1
-2.1147454806744532,8.593301647378059,4.929653693124514,4.048570482586171,-6.237689606958051,19.14031353866786,-1.9068240076334657,2.1743287317972286,0
-1.031303578311234,8.496015909924674,3.8313852333349137,1.4714126403561956,8.700677306887542,4.956818879726047,1.5041890514357643,3.6496100246622545,0
-2.2851051412423335,9.026878528980117,4.7375549347769335,1.2001599000852656,24.03415585238275,-0.5761879703358539,2.010990467149675,10.50654396007612,0
-5.897861704159676,-7.204940976784569,-11.337733471509583,9.614465488089445,11.055259329579838,11.870303055603802,6.387302220291846,-11.430049127304835,1
-6.439612741097938,-7.382163817628558,-9.859560573766723,8.031879362798056,16.33431532301096,-11.46345393018688,3.0263546523903324,-7.542758500193579,1
-2.1779341916491863,9.98983125532068,4.160704598382812,1.787510707276915,-0.6413834659299255,3.287624103034804,3.2135721545027307,4.219207542352848,0
-3.110904235282147,10.86656431270726,4.626381611490167,0.9154587549848316,16.13711269058647,4.535343015139798,-2.441566352906487,9.640871682883573,0
-3.327418306286223,11.106673403883782,3.6338614547283994,0.7589810711529998,11.894704889246405,-12.276078151369925,5.97400069849858,7.011727423108983,0
-6.912380461367269,-7.423534364409711,-9.551173539313174,7.4299531431906,-2.9756350335999193,13.757068133116196,-1.5005558703252673,1.2557645347154225,1
-1.5029048138383097,8.437394258675173,5.475570948293243,0.8434628292831139,-1.730718242838696,0.15579047581467534,-10.962750868952018,-14.400508825942943,0
-6.576991725912237,-7.634385443295304,-8.902466103229003,7.6522853258021835,15.945050632249721,-8.469613483183277,-9.913923494563072,-21.533901136037148,1
-2.521444395899665,8.11703175671249,4.715683394421828,1.2960079724286202,-6.3896174768950225,-13.230897934074983,16.420151601363692,10.098170893426342,0
-8.463530014636994,-6.11969493713165,-8.052527597985177,7.748980477283668,-6.881503451777238,22.524358053443088,9.817654869915943,-3.2483138350862246,1
-6.850882368216452,-5.601657730668648,-8.647228688616106,7.369959463654852,-24.99405714873573,22.90942572590742,-13.89572466763596,-16.45398746956892,1
-5.214152746688693,-5.865739528257816,-10.679201987967655,6.043945948763001,10.225704320096403,24.39752406339273,13.842728185105182,5.6390912005235965,1
-3.5768180524353443,8.871906643177027,4.760174467940001,2.487608517999481,5.947543416652859,8.534155587803077,7.589285897867652,2.811914239693758,0
-5.673118224642913,-7.697045264263183,-8.469654447763109,6.930184103171342,1.0420110395187607,-0.6259312789952242,-7.5396458886667626,-2.8067507686677406,1
-5.495354372640752,-6.316200473223587,-8.243573414970724,8.17693847427901,-16.929568141953855,-0.9833962679474989,-9.885911071509174,-11.03589317215771,1
-5.88336037170413,-7.373866176437259,-10.394909655295761,6.8954077545327905,1.7989415115347844,13.920022863445993,9.18316606002313,-15.70500603623177,1
-3.6601912004750528,9.389984146543993,4.039240146309297,1.6814759341474552,-9.896281365703375,9.407711879882159,-9.824873935383096,-2.246331499970246,0
-6.499429340145307,-6.269523847992123,-8.278537308704971,8.404303641053325,5.500520990245519,-9.683444548636352,1.053755061459599,-13.340254949182045,1
-5.459122943161415,-7.450855887025423,-9.670683329740239,7.794938471885107,-6.013676439512137,3.1978193414253697,-15.929937335316692,4.4047473796039895,1
-1.7619040179294885,9.624656393631787,4.618977242263953,2.090497067249514,-0.19637798926681216,5.524899544171477,2.239141340646614,13.641404299738442,0
-6.7973432018758455,-5.814629218210595,-9.355616206736382,8.732870355684284,1.2522450264790728,-4.29405541125253,1.2229750303228377,5.432980290363879,1
-5.800946357719974,-6.918618062776654,-9.01095505657683,8.207182852985376,0.4886007032570433,0.40591691203882385,-7.019916878067553,-6.6290091755094815,1
-2.7581617715318236,9.985857079152677,5.285254785813249,3.341801241473081,-14.026052717996935,17.495767431869393,-12.438632353912851,-6.929051977959073,0
-0.8767863191211149,7.584144750237689,4.199834349531118,2.1039102612268232,-7.184072655691974,8.949243769444413,-2.949496782920278,12.47742072673734,0
-3.0628469283999324,7.816408235609473,6.604603969144491,2.008433235912461,-6.734906242438685,2.7899416222380196,-8.353470532597573,21.451491277733883,0
-7.6534163902548435,-8.124764296587363,-10.617048005540289,8.819567226987886,-11.875984190295128,3.0982071022702753,6.337768809320985,4.137990974514983,1
-6.954060620251316,-6.259437495725269,-8.660626755702756,5.988178556788602,-1.8528765887770828,-1.2982069973342616,0.43811471979109595,-1.4700200162848862,1
-2.4907792438631984,10.690723440473604,4.966806209992264,1.7540691551318677,9.638791167949098,22.105230015913513,-5.574917850078336,-13.698029795790777,0
-2.216125149754069,8.299934710171954,6.505653347372858,2.4470026048525195,-0.8828204835125482,25.797093376543184,-8.036745679697308,16.391168054440676,0
-2.581207744633084,10.017819026090345,5.001514861275735,1.3280499293356076,16.77700814076441,-5.535882417079946,5.689830791852754,16.28396623128538,0
-6.951228450565334,-6.917331829785788,-8.110698212999031,7.375468801306003,-3.791277409874871,-2.0358036010236176,-5.816809139486438,-10.147567306928668,1
-7.32581062436605,-8.769650324221477,-9.290634075885087,4.899643588869747,-6.492775450660071,-12.239402667622565,0.3408346825922607,-7.699732310586418,1
-6.450008972018685,-6.672421906112835,-8.566748919440636,6.046774339678394,2.337859117907477,-15.558956462036273,3.3088023221445706,8.335289616089247,1
-2.096266168777126,8.450561575394346,3.81765844066167,2.2168568954326444,-19.937356425714555,3.7405656984757214,12.276689924732922,-12.096410186912054,0
-7.05657441864532,-7.6784068378144,-10.217646984650537,6.592592875556784,16.725723868377035,4.190190093660452,-7.050118557584089,-0.5576907765770601,1
-6.668609723948651,-6.976822705146339,-9.38324684344496,7.7226590298507745,5.583269125217224,0.7600539141241149,5.387559924463692,-9.206735930793663,1
-7.802860437262174,-8.231794198892281,-9.814201009613344,8.377164712106543,1.69360824036078,-14.137144969049801,-1.1122606134870032,-9.039076414647898,1
-5.750464963121823,7.989898486864032,4.387310684834941,0.7253865019758825,-7.355299425897666,12.360931752104374,10.91310120594269,6.09138120907177,0
-5.963299516448789,-6.533621117377954,-7.8403176467763585,4.427267537305013,-10.92312764672579,-3.164084496948019,12.130976999791834,1.4171691363990475,1
-6.286525933182887,-7.189656032589937,-8.512194734393892,6.0724093391134,23.193295399816943,3.933178393943719,1.9204911649003158,-3.0911646420250136,1
-6.295699005825306,-7.239401684063006,-8.247672925943702,8.432226496081611,1.335409047822823,-1.524698363805439,7.081086766885905,9.567023167945841,1
-0.8642299095514665,8.765250088641944,5.216435799283868,2.284419838484268,-7.859894605079495,-13.312329535577781,-18.362053731032965,5.079913269125437,0
-1.3299004389889237,9.081804609608431,6.7006267611100885,3.7285105263839364,-11.033666061738735,-21.52890592952483,3.885786045309641,24.929995174327907,0
-3.208923131045336,9.228266038932544,4.5275507865372715,1.752200084407509,-0.060709115398933235,8.384907744516418,0.8182935854756501,-0.9888965319114267,0
-2.4846874487938075,9.512284419443771,6.091022444023143,2.932440510025939,9.190764829877686,-2.9027454418865135,2.6739231407190296,3.2169780619601362,0
-2.9013057761849077,7.550771180066203,4.935999113292677,2.234224956120621,-6.6809045364304875,9.920423495365227,-1.7495975669540864,-7.557451594928447,0
-5.332121989821209,-5.084231920180425,-9.451116447120397,6.935821355562719,5.365098435704035,-8.984679817910372,0.28181157369128246,-0.09118996644203543,1
-6.683781936053588,-7.858482370890979,-8.430075000921539,5.620939311260862,10.85895565831578,4.746982328799528,-0.2502695874514392,8.17766299200287,1
-5.895304792674686,-7.094098437501455,-8.887791466288443,7.998342407665307,13.902075490173134,5.578103063518622,0.10352619843380607,-13.118362323501596,1
-6.6831060214498,-6.171105835687435,-8.928063450923236,8.763640130948176,-10.651136630753726,-3.0522470435466764,-6.0951220215928315,-1.8697130298544602,1
-1.6380729196210577,8.68826259603048,5.841092758392046,1.5650943109191806,0.5664992489710716,5.296927543567308,-0.7049877805909122,4.865016438262019,0
-7.504445768846949,-6.854018543065113,-8.320668736166887,6.597779102345237,0.6447441481012024,-19.754665663538713,-9.393353938187543,-1.4408755572161547,1
-1.8764157569464652,11.284978986002717,4.821745091286597,2.221390270241068,-12.096947428411076,5.999287299962045,15.307508323436974,12.187618516973167,0
-2.185113653657955,8.629203847782005,3.9629568359221428,2.5848459727815998,-2.13442870930208,14.90726136849952,1.4866745720211156,-3.3708597111803935,0
-3.987783868832592,10.15804017140525,4.978375243722516,1.5578817700399308,-6.1340266354093975,-3.0246968648812835,-3.8817681854122874,1.704162223754877,0
-4.319542652882475,-6.976169493000596,-7.6890544303503345,6.620346490372816,1.6057398104986458,0.030460201534144693,4.369381697463498,11.906462747863413,1
-7.8621145846895795,-7.104742743272971,-8.28827565761146,6.355178460635068,9.495541354413238,-14.848979684499035,-25.53921134901955,9.343199112392737,1
-7.891731566411438,-8.534966265141716,-8.015157172674096,7.396840882687107,-13.668786984154211,-2.2476540189268355,-11.701130260593596,-18.0198043758002,1
-3.4741210836328547,9.70033758819676,5.698303323077689,0.21443019751761772,5.4146272820478805,7.591551603026469,-5.765104007267194,-25.910422921449097,0
-1.8229374326782368,7.40157025700867,4.167946970438668,3.062120280908098,-5.462444482524828,3.918040054025465,-14.789115687741287,1.8335991977915564,0
-2.9557125751197715,9.870684922521793,4.853972580358305,0.727430905228744,-0.15309849172995557,5.792914996010884,1.1958036841415325,-9.730689408815556,0
-3.4997339481834384,8.44798839859555,4.739530201315743,1.4696940298245327,11.965715016644914,-1.5852957302697002,-0.2730453950993186,-9.33267959073196,0
-7.42993234499669,-7.5517329612139985,-8.863881827627456,8.496251934758067,-4.432822511915103,-8.848027140269009,-1.7294605992342298,17.117084801423434,1
-6.309859910919066,-6.432401033258632,-8.195604996768466,8.652675445631134,-13.719011429313564,-16.13561397876741,14.711703274936085,-2.093236771518661,1
-6.692860426674192,-7.635492525629269,-9.449845559627958,5.916861818650481,-6.690727386599166,10.399046873960764,-6.0561553973686415,18.260097135469362,1
-7.502767717576035,-7.435586712436201,-9.475714883942528,8.512539446606255,6.779258713392691,-4.879114081457026,21.573082132655035,-6.057149230033384,1
-5.37886740051696,-6.029887851162454,-9.186979891043869,6.974265211180274,7.4209537200930695,2.992925804064919,13.01741289398798,15.615111967268527,1
-6.593761800426365,-6.545652803288922,-8.17978348396318,9.333727454265052,0.32004149065766624,-7.534178703461834,4.599721429391164,-6.777153697521062,1
-1.895030923009325,9.771793838245626,4.109377688617574,1.3973514432960519,20.13387247526623,1.3653533108273743,-3.653215513121087,1.8468030586490842,0
-1.106403312116651,7.612435065406041,5.226735930028371,4.16362530975071,-13.471262895296965,-9.716140385106515,12.004139079444254,-6.568942789713957,0
-1.3297575023314632,8.545110476093617,2.926744307137224,3.327042058106145,-10.469109826819397,5.366527525272861,11.857041546629969,7.189533106650668,0
-4.116680857613978,9.198919986730626,4.899761630476525,2.7549925557180424,9.960476858058163,-7.567950885694607,-14.218106667418438,15.013336519554867,0
-7.846603334280483,-6.927820949417926,-8.841930295726579,6.16515822630616,-3.2267983884213574,-2.5083301645504736,13.281941418490579,5.562300094006599,1
-2.9726153158652124,8.548556374628065,4.881841107794136,0.05988943928293411,4.558877720816076,21.65002344901084,-6.4351823038014295,9.278401280812371,0
-7.369066633669492,-5.835948716206874,-8.156436267009699,9.170230241234737,0.570131248970845,2.685922788632569,15.284684264125318,5.078357562896238,1
-5.497468200113743,-6.231399705686304,-9.005445836952864,7.470236601932026,5.3829607904963295,10.725073373098022,-3.6495272954288533,-8.392096673390064,1
-7.1208632490076,-6.52805419676165,-10.089867180826454,8.767287519571962,-10.448091940210336,-19.66356589376002,20.56207129940322,-11.03208365721683,1
-3.9572819645500745,7.606822353821766,3.9214346149756656,1.7597225322288848,-2.21253623585772,-2.7681329988892065,3.0740669780910075,8.157372125392968,0
-4.234115455565783,8.45199859895735,3.627047715893678,2.287417016536006,8.604734883597454,-5.830774385689384,-1.671217137864115,2.8257995048829967,0
-0.36525353372742453,9.648205150516333,2.614736249570494,2.1596239987101598,-2.4869112618354707,16.073455760199927,4.909749516382513,7.348777860498174,0
-7.137003728574615,-8.548693667153536,-8.43910463403073,7.9707188552014445,6.628812686674127,11.73473857485325,1.8102155870370695,-12.968319479558465,1
-2.773854456290706,11.73445529478794,5.2655461839931075,1.1160121275244494,3.9968795175264162,-6.51356893791829,-5.286166817497568,5.863640187550932,0
-1.0679243339866347,7.578423977018883,5.803042588383061,1.983402744960319,12.382830714336357,0.21271576736061648,3.088330125989638,17.02214944635238,0
-7.871019540607577,-9.033499706879661,-9.477289504325512,6.000433122091205,2.4075317948856827,26.016831141803948,5.655096456315442,-17.607627591558177,1
-6.7835064142102866,-7.342384881980989,-9.272823984068326,7.014350792030064,7.533416211045325,3.8115838488277776,12.897527540827456,6.731813512699584,1
-1.686652710949561,7.793442478227299,4.848742431232857,0.013499560060956428,-1.3845598398377381,-12.242982362893658,-2.090232572860253,-8.505204542093,0
-7.201262242368653,-4.803361609715106,-8.456392304404456,7.753564562689773,-5.805234498047227,5.885784044206096,16.69904504351406,3.946715298229811,1
-6.926547770030454,-6.403068766052825,-8.761505865575755,6.040530691310133,-11.958830620351844,4.446026682201407,11.96631486645651,-6.097829043193822,1
-4.4279688383517914,8.987772252749105,4.7001090461691275,4.436411796426018,-1.340171666729177,0.14688194729197093,-7.8489831308224005,6.482804338438591,0
-7.24059335697035,-5.720779789911699,-9.919391084235908,7.939458522442967,-1.2094814860778156,4.195324439070277,-8.874921778021001,-4.374583003234104,1
-2.4416694183648264,7.589537941984865,4.095496111702919,2.0840922736505982,7.2238135782777135,-3.7283315209176697,17.26963851233405,-3.9963618561460237,0
-6.819996821231096,-7.5270463709815205,-8.14010444302242,7.717008300920453,2.2468472575188594,9.3259083187309,-14.183657329330316,-17.60808811980776,1
-3.1718213819985968,9.584884796791481,3.8766196796855845,0.16828758327621296,-15.256563145700948,12.62584103427182,-5.5185814589244675,25.581992856682522,0
-7.123783826441919,-5.916022424987589,-7.64885726771137,6.095915100361711,-5.642475986573886,1.8455130319703696,15.421099525678756,20.06092888159123,1
-4.791252486370542,-7.019699221431121,-7.730144939898494,6.283616988373172,20.615035766363977,12.083662305931425,10.240625258114624,5.9252694920118305,1
-1.4781981005567992,9.94556624731452,3.8006613130054627,1.6639573080895174,7.783610761666377,-5.511857163285335,-8.181988834223072,-0.03374457410952052,0
-6.045705036602366,-6.42092951404751,-8.908493468094658,5.662561981982712,-1.7018462252492843,-4.532280493272752,6.963874474567153,9.553052085705108,1
-6.903981783412253,-4.737839234664083,-7.110784586535299,7.759846585172736,0.8840688629184735,14.775300810552618,-11.41689114133505,-1.936594592797181,1
-0.9231808069073981,7.776470629371472,6.772912210884368,0.021081884418230112,-7.168223206028049,-18.6653661707306,-0.8268068584269925,-1.2174750838328354,0
-0.9860735457830929,9.55319617188298,3.602632681901645,1.7828310058571237,15.134497432421309,6.308116845547776,-10.24186824329205,18.540925663341884,0
-8.40515236207601,-7.572017663157191,-8.883913772991509,7.566862364821395,12.21033695525353,5.820977034686158,-2.264840988498319,-9.594392367234798,1
-1.93212549587221,8.811240742155329,5.01102470959941,1.3691844972249114,-3.72206776071053,10.88748619704186,18.84586305934609,15.43243528272189,0
-2.152182137087703,8.321376532937668,5.539478711661352,2.2804692048173414,-4.888494217862741,-11.196174332890113,1.4088624691120395,-17.684393655628515,0
-4.136740060935913,9.062371074859703,4.8996013379495835,1.0688530588363234,3.2316771418478147,-1.476025862986687,-4.660365018682422,-15.947030672667955,0
-6.678528144436303,-5.829455197268334,-7.7328018236780265,8.510553221059084,5.136001065697165,-5.327008396619114,-11.69916835710288,-28.722622132816493,1
-3.4076122944011082,9.506205299704828,3.319645629207459,3.8046284497950857,-0.27514905050636257,17.72251596669744,16.6125921454787,-4.570962565862718,0
-7.326060805701799,-6.686019600377639,-7.764696006776238,6.297007616087643,-6.022120603617806,4.687742560750237,-9.983854391882915,3.0179189981946597,1
-7.4348267178444685,-4.9989525238353565,-10.286341657052255,5.124716958878621,7.660802783846902,12.269332238843075,-1.0015407647995278,-2.0367375017696587,1
-3.746148333930832,7.693829515114045,5.161820401844999,2.2701543571739182,-8.779825867565611,-8.2688035403986,-2.2647889190152677,3.673655068161781,0
-6.961778369543839,-5.762813761687819,-8.495602410258305,7.780276134652487,9.135846262332494,-8.031789506803449,14.926885689595217,-2.711236010425688,1
-4.212580062407905,8.958738429301702,5.023944285167409,1.9404749358466389,-0.21367294348436155,-7.472116791478234,-24.242402602729417,8.840453963610496,0
-6.84162371298307,-6.760078266557685,-8.224809783905593,6.300730350300298,7.368438970924334,-2.813275571182134,0.6699071722487192,5.159392177040995,1
-4.059861054118883,9.08284910300435,3.5775751225019965,2.4467621145759137,-15.625458568865426,-5.290526773462948,7.942646796218272,-12.542894231692493,0
-6.22730431273785,-8.456501750260196,-7.361787406910114,8.703614269646154,2.935579321666293,-13.56581804623405,4.664299824335264,-0.3564148229748357,1
-1.7975827449638604,7.889644036360452,3.105764665492479,3.250846505839241,-16.151318159055094,11.647393544571713,-7.345915767980492,-8.10252437014381,0
-6.912754164025067,-5.0855517297581585,-9.35593905567218,7.547310867137601,2.0056919723094286,11.486373494287152,-10.15821818978397,0.6167984984797166,1
-5.237612031014901,-5.870292503933312,-9.526478101813733,9.575958720843012,4.288165003305729,6.93105607263144,1.7644155527722518,-3.6702783908332233,1
-7.029682778183797,-6.754533139804404,-9.01139958091988,7.339101963080171,-8.275902206487197,0.8614388304637476,-10.72139011985607,-29.21350483494607,1
-2.035959998479205,8.94145721554145,3.7930851181596963,0.45832245925486736,4.365598041576678,9.039348410861953,-23.629324355418383,-10.097307047099376,0
-7.829026079983213,-4.247727528438556,-8.345009855755121,7.508359039193577,6.191542610051978,20.574954697116986,0.20793707675407894,-7.280029412291345,1
-2.5040841664102893,8.779698994823175,3.224508094177687,1.552524361175373,-1.8289644110484016,13.748764191481849,-6.459641791245353,-7.991920066502535,0
-7.438549038422859,-6.502897718211425,-7.27280372740167,7.2577726544257155,-4.827435221820324,-9.533286082587123,1.2267031599479552,16.246784584695607,1
-5.8477826516826354,-8.365669966312918,-8.571277490766752,8.21315371112214,3.2307927311602906,-2.5235350212628758,-2.918112689155441,-15.63190808696657,1
-7.55601949321054,-5.079169160365131,-8.878485707280353,5.892747813380655,8.83109777147159,-0.7783719701280203,-1.8047991359062565,31.931075678448607,1
-5.943948798003809,-5.608554498281788,-8.116655692592776,6.194471144281474,2.987529083656862,-7.517910500951843,-4.263575962055433,11.484457091967549,1
-6.558269975700997,-6.458188839040662,-7.2246164875773635,7.777057217012683,1.1327041053776445,-14.382779783173667,9.192289345752036,-6.68144085538994,1
-5.961310585148957,-8.450610196899124,-9.827955893206347,8.264294103486918,18.732977762175455,10.800480657146485,-4.473218956587512,12.81016361735113,1
-3.3987120526782735,8.198475843232883,4.562777126813997,2.314321658757376,0.678555105274033,8.527736751222195,4.8473281729447475,-8.463566549908736,0
-6.240896969122085,-8.02311450600643,-7.204896224334915,6.177177522480015,-6.43549832317462,10.299608175811612,-3.347753321065409,-4.036484632419967,1
-2.2642310519440274,8.50734295282719,4.168840530609779,2.2052196212983683,-9.55122579349353,4.235990655934611,20.62524919243145,-10.67532914254273,0
-7.362813653450644,-5.306122829985914,-10.064093419638352,5.859148035288883,0.2421945667275807,14.122205554154291,-0.7964139124571514,4.523717962497339,1
-7.19997449934559,-6.45594364687403,-8.315492268600511,6.749822911560124,-10.623935281468796,4.2830709720764855,-1.8714426500454877,9.857299956798629,1
-2.7268788262799704,10.11306298018551,5.465295185216132,2.7866793199413706,11.873860515647511,25.89563642018614,5.796331732135757,3.2579631658216646,0
-1.2037188158984211,9.03528996983108,5.321831807523065,1.662902927347276,1.9438430157733602,-3.5316629281068836,3.3848384346169116,-2.9540141013902943,0
-2.171594960977548,8.602409162075855,4.152272612155608,1.540611496121111,1.684609762696143,13.175975356079597,-10.065425652796412,11.398785611290453,0
-2.9698363940125376,10.071408354417237,4.983497125796562,0.21012952857799805,13.171150673398653,-1.1806852699107875,-21.218548990085946,-6.0782198709443245,0
-7.139218542514875,-8.383252546394052,-9.084070820721955,7.050799345751033,12.969945465611092,-0.22868062298882122,-9.993022322949107,-5.0477492122821745,1
-1.679792041869261,6.803150819190437,4.875493394336667,2.7440348778276986,8.40620026504553,5.467335682013793,-2.3893209916969433,-3.6682441181468755,0
-1.6395917029470901,10.369923987003272,5.053313739451802,3.8499654964987977,-3.917581490438219,-9.224101844985025,16.153756894694418,-3.223204692113399,0
-2.953490883128862,9.391586621243174,5.396867452873453,1.0510043597631067,12.171585208254964,15.213160519224513,9.983108981479603,-4.316203127180484,0
0.5696831854024875,10.133861039632897,4.511961244747335,1.0176292433403062,4.037300903366095,-0.24195606390916166,-9.037018607301281,3.24359281721603,0
-9.576513834092841,-6.934404459793758,-9.069262286844689,8.019729280312122,-11.790397911598024,11.876793884615637,-4.646172972983931,2.011596558728393,1
-8.23948333213119,-6.133856027248726,-8.192843575494935,9.486777638804163,2.8328787154614217,-2.5890497370407735,5.866938014752748,-4.749036566225245,1
-1.006840570956722,9.088380908618097,6.2684943817993934,0.5930682257258406,8.712972974572441,-13.459796802467485,1.2637957954641181,19.389289990582846,0
-8.269199657914866,-8.525508340232838,-7.81575732462637,9.763275321837977,-10.003313246055747,-6.7774497052485145,5.13907849658915,1.7958178193959795,1
-7.58397088169403,-8.288570889639507,-10.394956930159914,7.929532866844343,3.506300992735592,4.891871301476635,6.347214685617699,11.096998419562231,1
-2.4393955380627315,8.628972531336562,4.753396181479349,2.6353003584617785,4.098186569285126,-2.4125765461854245,6.725737012027313,18.998819348952157,0
-6.751522776240481,-7.5611612507508275,-7.9976842076472865,6.670898936196313,-1.3263374638257355,-9.745293046706415,11.070806692869727,-1.2038116395359824,1
-6.681542430383415,-7.024470005199889,-9.411989763516246,6.776663974258311,-21.726695460140363,8.474216771504215,-5.353281859539227,-0.9053328230416078,1
-2.9685585225929945,8.16444175873353,5.470214652772347,1.1170858580318648,3.3198033056901455,1.9049967977906639,7.094518171390395,-4.354863705698434,0
-7.066498835312629,-7.3198406515501215,-7.3913498722822775,7.520077692010278,5.1310579817608275,-2.595466775839172,7.38810480887503,6.153674840130535,1
-5.633541998653641,-8.953499825684096,-9.18101535071636,6.952082049502912,-9.354387020445953,10.859821161750322,-5.35963445114048,8.080577982811452,1
-2.004210344072293,9.880041322368443,3.439582429172325,1.6386684480997835,3.672873134013406,18.381836767951224,-2.2346598237185216,-3.493167961181975,0
-2.503953923334567,9.061266721963063,4.189813364748858,2.5960196162882307,-0.1941960588773261,-3.0317978283427545,7.9994190194205,-16.16310608436588,0
-2.4174368465172478,7.026717213597429,4.4202069483905895,2.3302822554524782,-10.536824191463541,-10.67802921579193,9.503075919735757,17.10613372581925,0
-6.120698601364505,-6.598918169306571,-8.734126652684134,7.2609297875991805,-1.0444921853747149,-1.6882172319001063,0.7005216311318139,11.618783026081905,1
-1.4261463798774732,10.068088180233225,3.2622094682710103,1.035344644025609,-9.273531341905741,2.383689827347851,9.751976297824298,5.010941699398453,0
-3.490706274100701,9.476389602461593,4.838938531801571,1.3729528067819374,1.895816165987434,10.010460925671412,-27.03232292999237,6.7787531953090765,0
-6.3986179594145565,-6.656225568996815,-9.628802212081322,7.794991272634699,-6.540756831274238,-18.306328968564568,5.112025995249807,13.736585451629576,1
-2.45098890460675,7.871315830367698,4.997666196576384,2.5339542103089663,-1.3744851462769185,9.528745472029389,16.122782579886454,13.149144535840474,0
-6.914312078538051,-6.645894860739426,-7.287827263821933,6.325168874759912,16.39964529371393,7.421274910718923,0.754336389015928,-16.019658118971684,1
-6.2252615347972124,-6.9356942641864014,-8.55835913031619,6.198033868200326,-2.460624881299486,-8.432465953161918,21.70942717497814,-1.758858124323366,1
-2.7173198734100255,8.521285193539489,4.050514079283889,2.8227717809617565,1.2320480678448567,5.514853760404676,0.43602446372453724,16.95051040430753,0
-7.404147457431044,-6.3907350320480285,-10.060455565527956,8.03652134567109,-6.22649361734452,1.9460745523724272,-7.4247058569804825,-13.200225112207058,1
-3.9077651968718916,9.577255364888892,3.9892362671062744,1.486044300176036,-6.117690909052854,-0.3703679704841202,-4.293022245172599,-6.92420979873856,0
-3.155770507295277,7.932738124583927,6.327020471300666,2.8548094408901825,-14.063174636718339,-0.8310557262869477,-15.047203740310023,7.600559636896026,0
-2.6248459054409907,8.713182432609033,3.161356845860674,1.2533254755460232,0.8243975293450329,-14.575514994649305,-3.0920907704986345,-7.521564055905832,0
-5.849343737119428,-6.641320434249433,-9.097369902456714,7.127173066413725,3.1917451041918046,13.404504460231445,-18.751724696457444,1.1502607914741716,1
-3.837383671951181,9.211147364067445,5.378345416223512,2.1445379651307026,-1.601327955666404,6.713400764504657,2.1319662823768915,-7.519693317388191,0
-0.62301172184222,9.18886394103016,4.897429226950866,1.8987237681745648,-3.1905393566661817,-7.96025856803489,10.760071385985983,0.21311648671942218,0
